ward_encoded,green_space_need_score,ward_centroid,ward_boundary,green_space_need_category,air_quality_index,mean_land_surface_temp,ward
1,0.24140230857219702,POINT (36.8800303453509 -1.2434477018247068),"LINESTRING (36.891133686858886 -1.244318625493188, 36.89068643333975 -1.245672657250211, 36.889793453360966 -1.246358976193249, 36.88868646175306 -1.246437793635369, 36.88884959433554 -1.24758086129606, 36.88821246524533 -1.24763841838196, 36.888385410557916 -1.248571711736844, 36.887778662578114 -1.248981103536277, 36.8868399032794 -1.249068563415375, 36.886375536931816 -1.249385610670688, 36.886065445828386 -1.248801323935452, 36.885379645574275 -1.248551532575019, 36.88455123164891 -1.249228511606554, 36.88390761734956 -1.249527517083595, 36.88151536516437 -1.24842110752101, 36.88101869513918 -1.249497535616742, 36.880292184781005 -1.249592017655254, 36.879367642127356 -1.248893215683993, 36.877882837071574 -1.249202954343069, 36.877316731031634 -1.248424063251404, 36.87649907758023 -1.247603640779827, 36.87534353639917 -1.247003348411384, 36.87077721161723 -1.24711541862298, 36.869507536730524 -1.2468536847168, 36.86672586662894 -1.244791300700702, 36.86712327570832 -1.243931005411682, 36.86994673523242 -1.23857621231841, 36.8713779222673 -1.238757971405487, 36.87187168254767 -1.239160430144, 36.873039898643945 -1.239357468493036, 36.87317381748174 -1.239742393330092, 36.87403871145153 -1.239694180022508, 36.87410268801446 -1.240485275372416, 36.87473762131904 -1.240493421781165, 36.87486343528803 -1.240864296849901, 36.87579792356472 -1.240805879907372, 36.87612448102389 -1.239737317945543, 36.87685822643317 -1.238953863109984, 36.87764421570974 -1.239781821094242, 36.87795002171439 -1.239926203436751, 36.87822383433731 -1.239799041390702, 36.87875233296998 -1.239383015529447, 36.87951433306816 -1.239831190559219, 36.88001941779832 -1.23978308692532, 36.88025913718638 -1.23912860492057, 36.88088494332893 -1.239177211400048, 36.881110285415495 -1.239639070518178, 36.881646045594024 -1.239562694581118, 36.882865094206615 -1.238076013281471, 36.883583035602875 -1.237676631647586, 36.88513215983785 -1.237675520018318, 36.88605670857285 -1.236862134314209, 36.88678025519006 -1.236934984162667, 36.888352461032014 -1.237673229886236, 36.89065967052089 -1.238079095329399, 36.891067960734475 -1.240045658805109, 36.890915244092376 -1.241443238884241, 36.88844084185542 -1.241452425753815, 36.88857711239941 -1.243719203858683, 36.89109083034097 -1.243612495050711, 36.891133686858886 -1.244318625493188)",Very Low,8.215846548091493,39.56778497582987,Babadogo
2,0.21834738322586475,POINT (36.84937343139658 -1.284871054834433),"LINESTRING (36.852430164268355 -1.289882402872173, 36.84905870653073 -1.289728374873972, 36.847936684969504 -1.288944178235093, 36.8468131181995 -1.282403492978233, 36.846402881920994 -1.280188235905265, 36.850217586062925 -1.279438410349729, 36.8514871510883 -1.285425633335471, 36.85263447547618 -1.289850217189455, 36.852430164268355 -1.289882402872173)",Very Low,6.079243207845768,39.56778497582987,California
3,0.231480,0.2488455594638099,POINT (36.8629658449442 -1.2727465263363342),"LINESTRING (36.84901098404946 -1.26646906176162, 36.850946515630994 -1.266220078671668, 36.85714401861613 -1.266216850759106, 36.858876754500464 -1.266138384909633, 36.85969071272977 -1.264882727460323, 36.86038610652872 -1.264398170979271, 36.86598780365032 -1.262697809596225, 36.86734387935626 -1.262286180992819, 36.8696387075808 -1.261589599723068, 36.87421886544883 -1.262305906046392, 36.876322574584606 -1.262634912207273, 36.87898299021672 -1.262244784881916, 36.87954704069095 -1.264525728348261, 36.87903104776201 -1.265805918970886, 36.87836324895286 -1.266694501116467, 36.87810060159175 -1.268139963058732, 36.87687394387241 -1.268160330956651, 36.8763711963004 -1.26876300762049, 36.87452546617879 -1.268259492706726, 36.87445783297325 -1.269150305077509, 36.87451907543373 -1.270135002060824, 36.87435615725819 -1.270766195174773, 36.87414385062006 -1.271738344164984, 36.87333790366115 -1.27245812692081, 36.87252775371133 -1.273204571909862, 36.872429722209546 -1.274379969548993, 36.87187198508851 -1.274771630670362, 36.87206442467364 -1.276226027110338, 36.87174240394102 -1.277007608599908, 36.871462251037556 -1.278815911207001, 36.870263149864094 -1.279218632953733, 36.869928146940474 -1.281179045391915, 36.86866266442099 -1.281391168482949, 36.86791338471182 -1.282676974865238, 36.86538462885667 -1.282611686126498, 36.86452574760411 -1.283608544463123, 36.864348269855334 -1.283062836634225, 36.86347429371158 -1.283023096937833, 36.86151385194581 -1.283523805682002, 36.86039336385606 -1.284144214183, 36.859221461873446 -1.28448808793941, 36.85664093969754 -1.285661456537639, 36.855619460806764 -1.28585099140082, 36.85389949035048 -1.285184076420358, 36.852923113175095 -1.285181956249741, 36.85171160223601 -1.279201575650315, 36.84901098404946 -1.26646906176162)",Very Low,9.23783826437129,39.56778497582987,Airbase
484861180157,POINT (36.914322263509604 -1.225986136902837),"LINESTRING (36.904868099130944 -1.211684025672946, 36.90850855324043 -1.211735233514645, 36.917022261090914 -1.221881991447073, 36.928351143595506 -1.22721528284112, 36.928373079014634 -1.230222768667219, 36.927336965143674 -1.231388127837298, 36.922371449922466 -1.236418554580804, 36.91311964351486 -1.235142653673092, 36.911487910327494 -1.231403238829824, 36.906852623576384 -1.230018258058698, 36.907899680569635 -1.2351090120407, 36.90614557219206 -1.233518459607212, 36.904794831969156 -1.234261060478348, 36.904868099130944 -1.211684025672946)",Very Low,9.692708991510228,39.56778497582987,Claycity
4,0.20471831764172901,POINT (36.88884070007769 -1.2583698992133785),"LINESTRING (36.889740398469726 -1.254596075410099, 36.89040599949103 -1.254635793262408, 36.89071240716013 -1.253869109355848, 36.89117238315231 -1.253684898663387, 36.893348439941356 -1.258585885158038, 36.89226330548162 -1.258952235327272, 36.89138586550573 -1.259774919405323, 36.886579419638544 -1.261446954544794, 36.88258435887826 -1.262160903533307, 36.889740398469726 -1.254596075410099)",Very Low,6.079243207845768,39.56778497582987,Dandora Area I
5,0.22785099478191959,POINT (36.89736400165089 -1.251475796482258),"LINESTRING (36.89117238315231 -1.253684898663387, 36.89254809789447 -1.253454177274958, 36.893475016955186 -1.252803667430781, 36.89370889675869 -1.252194602758386, 36.892867219504936 -1.249792291362159, 36.893522726728996 -1.249095747256157, 36.893731226744585 -1.248315546075866, 36.89500784634568 -1.248020622898128, 36.89531798303824 -1.245889769283935, 36.896525135009355 -1.24592728476677, 36.89659085978616 -1.245595824928094, 36.896392434047016 -1.245247812356427, 36.896218866434275 -1.244376362460385, 36.89634066345377 -1.243804080223034, 36.8967144861132 -1.243574795686575, 36.89853911993276 -1.243504562659649, 36.899628291263106 -1.243095323173796, 36.900092263441174 -1.24241382607046, 36.9003357343091 -1.242292360505883, 36.900440773179724 -1.248836261468593, 36.903302945059245 -1.253203526529114, 36.901968885301514 -1.255845895951639, 36.89871452918463 -1.256690820111856, 36.89711203638636 -1.257078863303434, 36.893348439941356 -1.258585885158038, 36.89117238315231 -1.253684898663387)",Very Low,7.973960803225615,39.56778497582987,Dandora Area Ii
6,0.22494371872955135,POINT (36.904151692991995 -1.2455962884415104),"LINESTRING (36.9003357343091 -1.242292360505883, 36.90089787989058 -1.241838806310178, 36.901096213306374 -1.241540522693145, 36.90231671898083 -1.241552390841921, 36.902273070758405 -1.239833334770218, 36.904443069574754 -1.238712610793323, 36.90524776594114 -1.239129939972685, 36.906530552110276 -1.238543230506422, 36.90837885064715 -1.249224004607834, 36.90378131305653 -1.252078421957019, 36.903302945059245 -1.253203526529114, 36.900440773179724 -1.248836261468593, 36.9003357343091 -1.242292360505883)",Very Low,7.510420321142087,39.56778497582987,Dandora Area Iii
7,0.2065576253855362,POINT (36.913556802696 -1.2422207820863096),"LINESTRING (36.90837885064715 -1.249224004607834, 36.906530552110276 -1.238543230506422, 36.908535501521236 -1.23802969367498, 36.910005310652316 -1.238502313887186, 36.91185747682292 -1.237691654294778, 36.91295836783208 -1.237459099976212, 36.91395176665374 -1.238120264109832, 36.91520871941217 -1.238498746053559, 36.91631194503676 -1.23928282184684, 36.91742181683859 -1.239427394922662, 36.919363179136845 -1.240987253330744, 36.92097819222817 -1.241168457104273, 36.922188492170854 -1.240049443144643, 36.923935794619226 -1.240277386397724, 36.92503248173579 -1.241553282422314, 36.926844688946375 -1.241453502142448, 36.927455362293216 -1.242459269714858, 36.92562841177041 -1.242908406919931, 36.921086072212404 -1.242367539138394, 36.91769466658832 -1.242715789165355, 36.91647069201635 -1.243549502061523, 36.915457612992185 -1.245011722168099, 36.914038974295735 -1.24622443431287, 36.91170906872282 -1.246862820629442, 36.91075958753988 -1.246939907501823, 36.90837885064715 -1.249224004607834)",Very Low,6.079243207845768,39.56778497582987,Dandora Area Iv
8,0.2101453456360103,POINT (36.84769523278138 -1.2733018628306434),"LINESTRING (36.84368015361425 -1.267502127978813, 36.84729934775338 -1.266709022385867, 36.84901098404946 -1.26646906176162, 36.85171160223601 -1.279201575650315, 36.850217586062925 -1.279438410349729, 36.846402881920994 -1.280188235905265, 36.84368015361425 -1.267502127978813)",Very Low,6.079243207845768,39.56778497582987,Eastleigh North
9,0.2149510671893124,POINT (36.855085651660254 -1.2853408242511013),"LINESTRING (36.85263447547618 -1.289850217189455, 36.8514871510883 -1.285425633335471, 36.850217586062925 -1.279438410349729, 36.85171160223601 -1.279201575650315, 36.852923113175095 -1.285181956249741, 36.85389949035048 -1.285184076420358, 36.855619460806764 -1.28585099140082, 36.85664093969754 -1.285661456537639, 36.859221461873446 -1.28448808793941, 36.86039336385606 -1.284144214183, 36.86151385194581 -1.283523805682002, 36.86347429371158 -1.283023096937833, 36.864348269855334 -1.283062836634225, 36.86452574760411 -1.283608544463123, 36.863480087281324 -1.283681122977133, 36.86262193107718 -1.284152199123425, 36.86135237942702 -1.284423283882769, 36.86020958494272 -1.285869817305913, 36.85920130256588 -1.286509281975995, 36.857852795599996 -1.287121683785634, 36.85686609625958 -1.287873143144202, 36.85512109657236 -1.288069000320213, 36.85465419761747 -1.288680759380775, 36.8541601846334 -1.289206412615391, 36.85338657214643 -1.289731737419991, 36.85263447547618 -1.289850217189455)",Very Low,8.175547308454505,39.56778497582987,Eastleigh South
10,0.24606142486219026,POINT (36.936068712858564 -1.3237621489885287),"LINESTRING (36.88201399321767 -1.336095806560023, 36.889111902346194 -1.330321038449916, 36.896743333806405 -1.325818636754175, 36.899851434263596 -1.323838291718915, 36.9083687557513 -1.317566351649162, 36.898455290990924 -1.301179247498578, 36.898455290990924 -1.299495996048301, 36.89767820558772 -1.298201186476971, 36.901045575668306 -1.297942224483117, 36.90221120377312 -1.297035857295807, 36.90337683187794 -1.297035857295807, 36.90350634611181 -1.295093640801587, 36.9048014884505 -1.29522312194753, 36.906096630789186 -1.29522312194753, 36.90739177312788 -1.294057791395941, 36.9068737161924 -1.292504016494368, 36.908945943934306 -1.292504016494368, 36.90985254357138 -1.293151422818945, 36.91207218907733 -1.291124176824546, 36.91331322247195 -1.291686600797154, 36.914993027685796 -1.291242771644692, 36.91575614060825 -1.290338138066993, 36.91593971256322 -1.290820759278216, 36.91658728373257 -1.293021941567243, 36.91801194030513 -1.295870527578007, 36.93044530675654 -1.305711072739331, 36.94287867320795 -1.300790804955849, 36.95842038127221 -1.291856610004734, 36.96126969441733 -1.294316753787021, 36.97471984334289 -1.290148985489229, 36.98439065771944 -1.315379382301938, 36.9671452964244 -1.354387731441357, 36.96124647489144 -1.348661057647304, 36.93475131481346 -1.338938403313077, 36.90838103222364 -1.362967885951012, 36.89951903448892 -1.355187065305399, 36.88201399321767 -1.336095806560023)",Very Low,9.977761875017856,39.56778497582987,Embakasi
11,0.22166711242301382,POINT (36.75519570276617 -1.2793293865061444),"LINESTRING (36.750614793029584 -1.274959242528274, 36.75468941664961 -1.273507418357051, 36.758407634228824 -1.273164552694038, 36.76182091382486 -1.270020732810449, 36.75896846111414 -1.285123572748612, 36.75754380454158 -1.285770980949856, 36.753399349057766 -1.288878538028902, 36.747872039360615 -1.274908565611076, 36.7492771447076 -1.274102350438065, 36.750614793029584 -1.274959242528274)",Very Low,7.0132484553168,39.56778497582987,Gatina
12,0.21200974445410714,POINT (36.90228305026729 -1.2046019109104278),"LINESTRING (36.917220598251966 -1.200774391480237, 36.91681055217856 -1.201493335812396, 36.91351165739377 -1.205615256964338, 36.90946130049596 -1.210569798879759, 36.90850855324043 -1.211735233514645, 36.904868099130944 -1.211684025672946, 36.89936189062799 -1.214943568197447, 36.89586500631354 -1.216238419061384, 36.88813595464062 -1.222097742822507, 36.88874172345075 -1.2205114225009, 36.891072979660386 -1.216497389159635, 36.894051807039375 -1.2063975369616, 36.89625354901514 -1.204066796503215, 36.8972896628861 -1.202512968423633, 36.89567121875805 -1.19753182512176, 36.886669258915106 -1.19651435668137, 36.906614687724655 -1.192801522931276, 36.91075914320846 -1.196427133272565, 36.911795257079405 -1.199016852012221, 36.91399699905518 -1.200441196275098, 36.917220598251966 -1.200774391480237)",Very Low,7.803507038202314,39.56778497582987,Githurai
13,0.23825447070987935,POINT (36.876307160791974 -1.2875039334189284),"LINESTRING (36.866898885475145 -1.287793925040012, 36.872283317188 -1.282868171818897, 36.87408419775621 -1.281195603494479, 36.87580067759732 -1.28396786593432, 36.87792427948989 -1.282169936302557, 36.880822855724155 -1.282371932367008, 36.87878565056532 -1.277909886421254, 36.8817463581228 -1.277152513703982, 36.88258841368126 -1.282241909734539, 36.88512677911574 -1.291205449742024, 36.877255588351744 -1.292916480533278, 36.86781370977828 -1.294176562104821, 36.86807167190258 -1.288862813072466, 36.866898885475145 -1.287793925040012)",Very Low,8.87947213434401,39.56778497582987,Harambee
14,0.24216476947244336,POINT (36.84899926778048 -1.262053619316969),"LINESTRING (36.8374669079459 -1.264284019916543, 36.83848792654251 -1.26359793580249, 36.840210621283916 -1.263511544033807, 36.84121961351503 -1.26249629755379, 36.84142865829427 -1.261612566319807, 36.84245365347586 -1.260949451482614, 36.84708610323852 -1.25872106936598, 36.84979466666856 -1.258781204211984, 36.85104389949181 -1.258679360926313, 36.85164050474115 -1.259449717978116, 36.85359723090274 -1.260607401278524, 36.85627366160737 -1.263251500846048, 36.85782467178794 -1.26293992345422, 36.85951161248459 -1.263174761231749, 36.85890677945231 -1.263727272459725, 36.8586588304546 -1.264661986671444, 36.856742494300576 -1.264706543708696, 36.85579711272868 -1.264566544168719, 36.8553820643514 -1.264347803264544, 36.852292589342206 -1.264347517958745, 36.85207677706141 -1.26449160635417, 36.85156964272286 -1.264460085634703, 36.85091492425441 -1.264153025836371, 36.8504486050355 -1.264108733615114, 36.85018035263233 -1.263750205454534, 36.8500095382758 -1.26411212322409, 36.8496615526467 -1.264282225524179, 36.848619171896104 -1.264494527068826, 36.84834422332156 -1.264082275785894, 36.84799131257755 -1.264000742472714, 36.847571143836966 -1.263295155026421, 36.847401455322085 -1.263192591162348, 36.84698338706234 -1.26378872101278, 36.84642397271577 -1.263277219329449, 36.845392443939986 -1.262952872490808, 36.84465877566961 -1.263619283471794, 36.84354637372213 -1.26347931260009, 36.843135738995045 -1.263616975251154, 36.84267378951008 -1.263676696384972, 36.84262857973133 -1.264305078227206, 36.83930467550147 -1.263969154537865, 36.83825304437852 -1.264471035497144, 36.8374669079459 -1.264284019916543)",Very Low,10.295759362772518,39.56778497582987,Hospital
15,0.20772710857601642,POINT (36.87195757552601 -1.2583404054166845),"LINESTRING (36.87421886544883 -1.262305906046392, 36.8696387075808 -1.261589599723068, 36.86734387935626 -1.262286180992819, 36.86696609741871 -1.261581242825993, 36.86698918597315 -1.261009773404628, 36.868946257904284 -1.260461985772281, 36.868818549153914 -1.2588444371048, 36.870872539710554 -1.25754671636667, 36.870125709438376 -1.255681249741561, 36.87037200831491 -1.25483750222422, 36.871224361792756 -1.254358632252657, 36.87238127686979 -1.254240448660783, 36.8737595841992 -1.252968716873687, 36.87556321020003 -1.257148411934186, 36.87427374896183 -1.258167448230206, 36.87421886544883 -1.262305906046392)",Very Low,6.079243207845768,39.56778497582987,Huruma
16,0.20089790845666805,POINT (36.88582244728624 -1.3488850864349673),"LINESTRING (36.90838103222364 -1.362967885951012, 36.91217905256626 -1.370175400884215, 36.91677678340991 -1.377801344565389, 36.90077643622307 -1.365075891095157, 36.89546713916044 -1.359070192645411, 36.89322290623938 -1.361178583077401, 36.88322601728801 -1.350098425351404, 36.8517601546775 -1.329474342346362, 36.85232323490745 -1.328088169413298, 36.85637930665216 -1.32955436091167, 36.86380062452016 -1.330921510987283, 36.87876091313037 -1.338099009368252, 36.88201399321767 -1.336095806560023, 36.89951903448892 -1.355187065305399, 36.90838103222364 -1.362967885951012)",Very Low,6.8249285379681845,39.56778497582987,Imara Daima
17,0.2276779693478141,POINT (36.738373405287795 -1.2817126732347008),"LINESTRING (36.73553991063692 -1.276138402824946, 36.738662058753796 -1.277932913604874, 36.741967540839944 -1.287458610014104, 36.73938547047503 -1.285923259370544, 36.73779166928438 -1.284924743020175, 36.735974267538055 -1.280205135021842, 36.73553991063692 -1.276138402824946)",Very Low,8.170700830429219,39.56778497582987,Kabiro
18,0.2306513484383903,POINT (36.9001043443766 -1.190530473568278),"LINESTRING (36.920330618431294 -1.196880300748687, 36.917220598251966 -1.200774391480237, 36.91399699905518 -1.200441196275098, 36.911795257079405 -1.199016852012221, 36.91075914320846 -1.196427133272565, 36.906614687724655 -1.192801522931276, 36.886669258915106 -1.19651435668137, 36.8891974095218 -1.184475318062537, 36.889261927780595 -1.178173094123821, 36.920330618431294 -1.196880300748687)",Very Low,9.675471495133657,39.56778497582987,Kahawa
19,0.2236107100657516,POINT (36.911904900076934 -1.17884645207553),"LINESTRING (36.92432857947566 -1.191874409419919, 36.920330618431294 -1.196880300748687, 36.889261927780595 -1.178173094123821, 36.88930268568448 -1.174191811269039, 36.895332195439515 -1.16515523252988, 36.90693265874288 -1.165449084713828, 36.92338288520982 -1.171742875859374, 36.93356415086247 -1.175025287693775, 36.936758819027965 -1.175882706773668, 36.92826014261968 -1.186951655637996, 36.92432857947566 -1.191874409419919)",Very Low,8.676876940313939,39.56778497582987,Kahawa West
20,0.22283042652089777,POINT (36.75121454377345 -1.2687275869162502),"LINESTRING (36.753768560362566 -1.264309682650323, 36.755105505060484 -1.265928215028014, 36.75683606720684 -1.266936434272825, 36.75851057034405 -1.267014995996499, 36.76182091382486 -1.270020732810449, 36.758407634228824 -1.273164552694038, 36.75468941664961 -1.273507418357051, 36.750614793029584 -1.274959242528274, 36.74996722186024 -1.269520985655583, 36.74051268278781 -1.269520985655583, 36.739929868735395 -1.265248061514089, 36.753768560362566 -1.264309682650323)",Very Low,7.130298462377844,39.56778497582987,Kangemi
21,0.2589974942743033,POINT (36.72615984105015 -1.3353092401298023),"LINESTRING (36.72723747381627 -1.296000008684256, 36.734101728211314 -1.296647414116152, 36.73591492748548 -1.297683262462738, 36.73591492748548 -1.300272881472514, 36.73112290083233 -1.301956132404577, 36.7299572727275 -1.308818605327063, 36.73708055559029 -1.306487956246777, 36.74148403954183 -1.305581592131412, 36.74666460889659 -1.30402782431642, 36.74601703772724 -1.308041722540789, 36.753370835757885 -1.307038364070277, 36.75626702600907 -1.31178260066738, 36.76744608489038 -1.310492634755263, 36.76891254382215 -1.313771341604984, 36.77134371497827 -1.312765794612039, 36.773126347374436 -1.316414049758376, 36.77800705349284 -1.329211691960488, 36.771013284863926 -1.329211691960488, 36.77179037026714 -1.33490877824, 36.77489871187999 -1.336203568737289, 36.77075425639619 -1.339052105428006, 36.76376048776727 -1.342936468306372, 36.76039311768668 -1.35225891399277, 36.760134089218944 -1.356402211708166, 36.76091117462215 -1.359509680340197, 36.764796601638224 -1.365012479557598, 36.76583271550918 -1.369026278105521, 36.767645914783344 -1.372651638760608, 36.76789165419176 -1.389249702627299, 36.75078345385237 -1.384729854531915, 36.73483049533034 -1.378516187423124, 36.70300091586722 -1.35235697822951, 36.693142373058876 -1.353382310039743, 36.686764522733796 -1.341038353850486, 36.67976866817784 -1.328961701988303, 36.67431206167934 -1.327367166719384, 36.66964447451319 -1.326002578631316, 36.66879900863213 -1.322982849107007, 36.66641633482738 -1.314223413244753, 36.6703513056794 -1.304773693468158, 36.67557105390053 -1.299845698273611, 36.683850205470186 -1.299884438790285, 36.685404376276615 -1.296129489783877, 36.69058494563137 -1.297424300415845, 36.695376972284514 -1.299107553246573, 36.701334627042485 -1.302085613198967, 36.70522005405855 -1.304545747028038, 36.70716276756658 -1.298330667463962, 36.718689534380914 -1.302991978573475, 36.72257496139698 -1.303121459314635, 36.72516524607436 -1.298071705483365, 36.72723747381627 -1.296000008684256)",Low,10.163606232606144,39.56778497582987,Karen
22,0.24168089674327675,POINT (36.88304181826817 -1.2548578971489122),"LINESTRING (36.8868399032794 -1.249068563415375, 36.889740398469726 -1.254596075410099, 36.88258435887826 -1.262160903533307, 36.87898299021672 -1.262244784881916, 36.87845047575028 -1.252535647493626, 36.877882837071574 -1.249202954343069, 36.879367642127356 -1.248893215683993, 36.880292184781005 -1.249592017655254, 36.88101869513918 -1.249497535616742, 36.88151536516437 -1.24842110752101, 36.88390761734956 -1.249527517083595, 36.88455123164891 -1.249228511606554, 36.885379645574275 -1.248551532575019, 36.886065445828386 -1.248801323935452, 36.886375536931816 -1.249385610670688, 36.8868399032794 -1.249068563415375)",Very Low,8.912195244771315,39.56778497582987,Kariobangi North
23,0.2086855018213616,POINT (36.87994777225986 -1.2719062397582095),"LINESTRING (36.893348439941356 -1.258585885158038, 36.89711203638636 -1.257078863303434, 36.89871452918463 -1.256690820111856, 36.9007834352278 -1.257378663610135, 36.9000434280348 -1.258256226547291, 36.898643676447456 -1.258660570121239, 36.89367938853355 -1.259352668831882, 36.89252049769899 -1.259582633770757, 36.89193765514436 -1.260379249853143, 36.89165752583321 -1.260944848939557, 36.891264900527524 -1.265195651402947, 36.890345635217926 -1.266406011732671, 36.8813316876303 -1.274564859214946, 36.8817463581228 -1.277152513703982, 36.87878565056532 -1.277909886421254, 36.880822855724155 -1.282371932367008, 36.87792427948989 -1.282169936302557, 36.87580067759732 -1.28396786593432, 36.87408419775621 -1.281195603494479, 36.872283317188 -1.282868171818897, 36.866898885475145 -1.287793925040012, 36.86452574760411 -1.283608544463123, 36.86538462885667 -1.282611686126498, 36.86791338471182 -1.282676974865238, 36.86866266442099 -1.281391168482949, 36.869928146940474 -1.281179045391915, 36.870263149864094 -1.279218632953733, 36.871462251037556 -1.278815911207001, 36.87174240394102 -1.277007608599908, 36.87206442467364 -1.276226027110338, 36.87187198508851 -1.274771630670362, 36.872429722209546 -1.274379969548993, 36.87252775371133 -1.273204571909862, 36.87333790366115 -1.27245812692081, 36.87414385062006 -1.271738344164984, 36.87435615725819 -1.270766195174773, 36.87451907543373 -1.270135002060824, 36.87445783297325 -1.269150305077509, 36.87452546617879 -1.268259492706726, 36.8763711963004 -1.26876300762049, 36.87687394387241 -1.268160330956651, 36.87810060159175 -1.268139963058732, 36.87836324895286 -1.266694501116467, 36.87903104776201 -1.265805918970886, 36.87954704069095 -1.264525728348261, 36.87898299021672 -1.262244784881916, 36.88258435887826 -1.262160903533307, 36.886579419638544 -1.261446954544794, 36.89138586550573 -1.259774919405323, 36.89226330548162 -1.258952235327272, 36.893348439941356 -1.258585885158038)",Very Low,7.093268493818075,39.56778497582987,Kariobangi South
24,0.23981287021803138,POINT (36.8077829850769 -1.2346791758278624),"LINESTRING (36.749963880112475 -1.226263924260179, 36.751134218638015 -1.224194174163011, 36.75315231706427 -1.222421488137196, 36.75521615103199 -1.223672479182144, 36.756880567978655 -1.224621102520016, 36.76415938935663 -1.228091168453116, 36.766649041987876 -1.227766551125206, 36.773247661687314 -1.226850034267184, 36.777744256282794 -1.216697515023767, 36.78281914613585 -1.217707738335891, 36.78643520437302 -1.212566804760144, 36.7828415608771 -1.207523571402226, 36.78638395390372 -1.198750597617415, 36.78707470877618 -1.196686700346528, 36.7952321708938 -1.197757880736399, 36.8299340469618 -1.21793040592177, 36.83318011712099 -1.223424830045718, 36.841209999620865 -1.235337396788569, 36.841728056556335 -1.245955074319242, 36.84509542663693 -1.250098546645131, 36.84245365347586 -1.260949451482614, 36.84142865829427 -1.261612566319807, 36.84121961351503 -1.26249629755379, 36.840210621283916 -1.263511544033807, 36.83848792654251 -1.26359793580249, 36.8374669079459 -1.264284019916543, 36.83422204104409 -1.266616594746389, 36.82773036980479 -1.268515438662638, 36.82334730323754 -1.268910918826437, 36.82074892264456 -1.268945592860677, 36.81576612960467 -1.269516623963749, 36.81456362628567 -1.271241985291525, 36.81422479738847 -1.273026733677363, 36.812445636630144 -1.274462895576118, 36.81018527727069 -1.27330751412061, 36.80827061426833 -1.271810450445434, 36.80320832366624 -1.266082911762358, 36.804168928734356 -1.265636509454499, 36.81116269736328 -1.255277877854821, 36.80779532728269 -1.255277877854821, 36.804168928734356 -1.255018911537639, 36.802614757927934 -1.252558730246244, 36.80313281486341 -1.250486996840784, 36.80157864405699 -1.249710096392024, 36.79795224550866 -1.248674228769548, 36.79225361921842 -1.246602492300309, 36.79095847687974 -1.243753851993978, 36.787073049863665 -1.240128305339645, 36.782151508976646 -1.23935140183852, 36.778525110428326 -1.239092433954165, 36.77282648413809 -1.237020689968296, 36.769459114057504 -1.237020689968296, 36.76609174397691 -1.237020689968296, 36.76401951623501 -1.236243785556413, 36.76065214615441 -1.236243785556413, 36.75443546292871 -1.228474728957863, 36.749963880112475 -1.226263924260179)",Very Low,9.183591944166542,39.56778497582987,Karura
25,0.22004941181836388,POINT (36.89157905324428 -1.2286630367578089),"LINESTRING (36.88813595464062 -1.222097742822507, 36.89586500631354 -1.216238419061384, 36.89936189062799 -1.214943568197447, 36.904868099130944 -1.211684025672946, 36.904794831969156 -1.234261060478348, 36.90379497386693 -1.234394417811159, 36.90283240906316 -1.235345610587373, 36.9019654643647 -1.235342518186795, 36.90029308493219 -1.23548723199227, 36.898901976310526 -1.235091814385382, 36.89806167354245 -1.234501129265156, 36.897270331489295 -1.236045210965166, 36.89548975267125 -1.237155294130171, 36.894664038240194 -1.237988232832078, 36.89199454175935 -1.238240865075644, 36.89065967052089 -1.238079095329399, 36.888352461032014 -1.237673229886236, 36.88678025519006 -1.236934984162667, 36.88605670857285 -1.236862134314209, 36.88513215983785 -1.237675520018318, 36.883583035602875 -1.237676631647586, 36.882865094206615 -1.238076013281471, 36.881646045594024 -1.239562694581118, 36.881110285415495 -1.239639070518178, 36.88088494332893 -1.239177211400048, 36.88025913718638 -1.23912860492057, 36.88001941779832 -1.23978308692532, 36.87951433306816 -1.239831190559219, 36.87875233296998 -1.239383015529447, 36.87822383433731 -1.239799041390702, 36.87795002171439 -1.239926203436751, 36.87764421570974 -1.239781821094242, 36.87685822643317 -1.238953863109984, 36.87612448102389 -1.239737317945543, 36.87579792356472 -1.240805879907372, 36.87486343528803 -1.240864296849901, 36.87473762131904 -1.240493421781165, 36.87410268801446 -1.240485275372416, 36.87403871145153 -1.239694180022508, 36.87317381748174 -1.239742393330092, 36.873039898643945 -1.239357468493036, 36.87187168254767 -1.239160430144, 36.8713779222673 -1.238757971405487, 36.86994673523242 -1.23857621231841, 36.87085953489062 -1.236807360792569, 36.873698919076 -1.233833144604774, 36.88813595464062 -1.222097742822507)",Very Low,7.798552325512502,39.56778497582987,Kasarani
26,0.23329637421950025,POINT (36.74637879600149 -1.2839042959041385),"LINESTRING (36.738662058753796 -1.277932913604874, 36.743217978047554 -1.277063205622712, 36.747872039360615 -1.274908565611076, 36.753399349057766 -1.288878538028902, 36.75110482046048 -1.292647556549284, 36.74925489357397 -1.292633497772494, 36.74545621084194 -1.29038139656528, 36.741967540839944 -1.287458610014104, 36.738662058753796 -1.277932913604874)",Very Low,7.937968800787697,39.56778497582987,Kawangware
27,0.22160052723278667,POINT (36.91484088414397 -1.2768857252322745),"LINESTRING (36.91370132465195 -1.270942079798406, 36.920304691700494 -1.274511082316324, 36.9205615809271 -1.275777995558314, 36.92070137941288 -1.276608528971344, 36.921047260194875 -1.276911014746867, 36.92106848199359 -1.277435643176893, 36.92071240781956 -1.277625506411943, 36.91924296786602 -1.277701741080955, 36.91797445042888 -1.278933354208291, 36.91812920808628 -1.28035911787546, 36.91796421563648 -1.280738829378161, 36.91762215322437 -1.281474903873061, 36.91753616336182 -1.28177318143114, 36.917738853719506 -1.282134422056156, 36.91843361968715 -1.282290327493348, 36.91838098075456 -1.282718645037991, 36.91573495891218 -1.282259467435878, 36.91470750585309 -1.281649936935377, 36.91332502341606 -1.280973659090821, 36.911055187106506 -1.280321550981432, 36.91034117785157 -1.279802516712222, 36.90928458512299 -1.278923455675745, 36.908246478340324 -1.278290425295031, 36.90990980273874 -1.275989892542514, 36.91370132465195 -1.270942079798406)",Very Low,7.486322834130693,39.56778497582987,Kayole Central
28,0.22646246572872314,POINT (36.92058716236595 -1.2682937052901704),"LINESTRING (36.92391997517193 -1.26117543551799, 36.92551394541541 -1.265518312265545, 36.925227622232015 -1.266096246058565, 36.925935779815504 -1.267487483038586, 36.924820348913755 -1.268096166117838, 36.924863379733615 -1.268775958186473, 36.92526075059087 -1.269164485945186, 36.925276818693376 -1.269829248223175, 36.92449182239985 -1.270765086078085, 36.92234496321127 -1.271657100073499, 36.92064235286404 -1.272529778179909, 36.920304691700494 -1.274511082316324, 36.91370132465195 -1.270942079798406, 36.91563056987219 -1.26844700594097, 36.918171138924315 -1.265862885938611, 36.92391997517193 -1.26117543551799)",Very Low,8.196200863876273,39.56778497582987,Kayole North
29,0.22835764175868806,POINT (36.91239462852511 -1.2847174406134965),"LINESTRING (36.90627831013828 -1.279969366114556, 36.908246478340324 -1.278290425295031, 36.90928458512299 -1.278923455675745, 36.91034117785157 -1.279802516712222, 36.911055187106506 -1.280321550981432, 36.91332502341606 -1.280973659090821, 36.91470750585309 -1.281649936935377, 36.91573495891218 -1.282259467435878, 36.91838098075456 -1.282718645037991, 36.91814527258979 -1.284444106686759, 36.917081902115 -1.285729276391191, 36.916611593627984 -1.286185930518948, 36.916320948031775 -1.287215471899816, 36.915372724943566 -1.287592937641467, 36.91501154581021 -1.288066987388177, 36.914946878981276 -1.28888757135539, 36.91579969185776 -1.289719602829102, 36.91575614060825 -1.290338138066993, 36.914993027685796 -1.291242771644692, 36.91331322247195 -1.291686600797154, 36.91207218907733 -1.291124176824546, 36.90627831013828 -1.279969366114556)",Very Low,8.172945127706628,39.56778497582987,Kayole South
30,0.20857025504243112,POINT (36.87665336770152 -1.2570846884380553),"LINESTRING (36.87898299021672 -1.262244784881916, 36.876322574584606 -1.262634912207273, 36.87421886544883 -1.262305906046392, 36.87427374896183 -1.258167448230206, 36.87556321020003 -1.257148411934186, 36.8737595841992 -1.252968716873687, 36.874337495018445 -1.252583087641314, 36.874929829538125 -1.252404060417035, 36.87621918047663 -1.252350172372193, 36.876748265163904 -1.252208550411606, 36.87724728442914 -1.251620227895605, 36.877252883287426 -1.251325043467521, 36.876873071575616 -1.25070284381335, 36.87694474604291 -1.250138842371247, 36.877673552268114 -1.249242332631147, 36.877882837071574 -1.249202954343069, 36.87845047575028 -1.252535647493626, 36.87898299021672 -1.262244784881916)",Very Low,6.079243207845768,39.56778497582987,Kiamaiko
31,0.2332537664822641,POINT (36.785348096125034 -1.2714352709433825),"LINESTRING (36.77955783831611 -1.258778731492594, 36.78418736104694 -1.259355585839077, 36.79317546996378 -1.261140560655639, 36.795811481095264 -1.261180121388098, 36.79933207855327 -1.261726814842819, 36.80320832366624 -1.266082911762358, 36.80827061426833 -1.271810450445434, 36.81018527727069 -1.27330751412061, 36.812445636630144 -1.274462895576118, 36.808831441153664 -1.277354661556778, 36.806241156476275 -1.276189322848606, 36.80520504260533 -1.27670725122857, 36.803003300629555 -1.27670725122857, 36.801190101355395 -1.275412430083126, 36.7995064163151 -1.275541912226999, 36.79510293236356 -1.278908445678804, 36.79510293236356 -1.281368601947732, 36.79406681849261 -1.282404456512238, 36.791865076516835 -1.283699274128298, 36.787461592565286 -1.283051865402187, 36.78551887905726 -1.286029944184393, 36.78137442357345 -1.286677352155759, 36.7761938542187 -1.292892460308925, 36.773344541073584 -1.293280904064056, 36.77243794143649 -1.289266982397333, 36.775157740347744 -1.288878538028902, 36.776064339984835 -1.284605646069443, 36.777748025025126 -1.280203265061967, 36.77917268159768 -1.274635537083111, 36.78305810861375 -1.267772972086252, 36.78124490933959 -1.266089698644767, 36.78020879546863 -1.266737111636307, 36.77748899655739 -1.267514007012603, 36.77593482575096 -1.266737111636307, 36.77373308377519 -1.26842038465703, 36.769977170992995 -1.26842038465703, 36.765573687041446 -1.271139515684561, 36.762594859662464 -1.270621586185601, 36.76182091382486 -1.270020732810449, 36.75851057034405 -1.267014995996499, 36.75683606720684 -1.266936434272825, 36.755105505060484 -1.265928215028014, 36.753768560362566 -1.264309682650323, 36.76220631696084 -1.263694269170965, 36.766350772444646 -1.26214047589833, 36.76810125082243 -1.260758715663992, 36.77955783831611 -1.258778731492594)",Very Low,8.774424443093228,39.56778497582987,Kileleshwa
32,0.25510737887481877,POINT (36.78438232577488 -1.2869822930728374),"LINESTRING (36.76182091382486 -1.270020732810449, 36.762594859662464 -1.270621586185601, 36.765573687041446 -1.271139515684561, 36.769977170992995 -1.26842038465703, 36.77373308377519 -1.26842038465703, 36.77593482575096 -1.266737111636307, 36.77748899655739 -1.267514007012603, 36.78020879546863 -1.266737111636307, 36.78124490933959 -1.266089698644767, 36.78305810861375 -1.267772972086252, 36.77917268159768 -1.274635537083111, 36.777748025025126 -1.280203265061967, 36.776064339984835 -1.284605646069443, 36.775157740347744 -1.288878538028902, 36.77243794143649 -1.289266982397333, 36.773344541073584 -1.293280904064056, 36.7761938542187 -1.292892460308925, 36.78137442357345 -1.286677352155759, 36.78551887905726 -1.286029944184393, 36.787461592565286 -1.283051865402187, 36.791865076516835 -1.283699274128298, 36.79406681849261 -1.282404456512238, 36.79510293236356 -1.281368601947732, 36.79510293236356 -1.278908445678804, 36.7995064163151 -1.275541912226999, 36.801190101355395 -1.275412430083126, 36.803003300629555 -1.27670725122857, 36.80520504260533 -1.27670725122857, 36.806241156476275 -1.276189322848606, 36.808831441153664 -1.277354661556778, 36.812445636630144 -1.274462895576118, 36.81368108059085 -1.277924659872047, 36.81402324426174 -1.280237050195234, 36.82032051276502 -1.293130807402964, 36.8150675965142 -1.294092779892011, 36.81355542052163 -1.295126272685255, 36.81268122654487 -1.295371503652311, 36.80995103875153 -1.295712363706757, 36.80729654137964 -1.297320250652827, 36.801000420956136 -1.298386426952637, 36.79161748469012 -1.29989861711034, 36.76828236886836 -1.300226805125281, 36.760872953544016 -1.298714080765575, 36.75683169184181 -1.297568328977893, 36.75312509634947 -1.293197969740022, 36.75110482046048 -1.292647556549284, 36.753399349057766 -1.288878538028902, 36.75754380454158 -1.285770980949856, 36.75896846111414 -1.285123572748612, 36.76182091382486 -1.270020732810449)",Very Low,10.040247288386272,39.56778497582987,Kilimani
33,0.24727019499103675,POINT (36.753353734547424 -1.2495314917929765),"LINESTRING (36.73203221363128 -1.240403083282314, 36.734721688846754 -1.235747798491909, 36.74648908810356 -1.236395009017444, 36.749963880112475 -1.226263924260179, 36.75443546292871 -1.228474728957863, 36.76065214615441 -1.236243785556413, 36.76401951623501 -1.236243785556413, 36.76609174397691 -1.237020689968296, 36.769459114057504 -1.237020689968296, 36.77282648413809 -1.237020689968296, 36.778525110428326 -1.239092433954165, 36.782151508976646 -1.23935140183852, 36.787073049863665 -1.240128305339645, 36.79095847687974 -1.243753851993978, 36.79225361921842 -1.246602492300309, 36.79795224550866 -1.248674228769548, 36.80157864405699 -1.249710096392024, 36.80313281486341 -1.250486996840784, 36.802614757927934 -1.252558730246244, 36.80054253018603 -1.252558730246244, 36.797693217040916 -1.25074596360594, 36.79536196083128 -1.25074596360594, 36.794584875428065 -1.251781830410989, 36.79044041994426 -1.250228030050068, 36.78389222323247 -1.249360298515387, 36.78002032557351 -1.248751533695634, 36.778038950439885 -1.248805638238632, 36.77418542037085 -1.256406498837024, 36.77955783831611 -1.258778731492594, 36.76810125082243 -1.260758715663992, 36.766350772444646 -1.26214047589833, 36.76220631696084 -1.263694269170965, 36.753768560362566 -1.264309682650323, 36.739929868735395 -1.265248061514089, 36.73008678696136 -1.265248061514089, 36.72412913220339 -1.263694269170965, 36.721538847526006 -1.263953234626064, 36.719794996320324 -1.263879527092495, 36.716214312922496 -1.260812920297457, 36.73203221363128 -1.240403083282314)",Very Low,9.497720965555315,39.56778497582987,Kitisuru
34,0.22303551894195386,POINT (36.90957029288152 -1.2684711952292111),"LINESTRING (36.902113778954224 -1.282162888343626, 36.897479702749415 -1.271989586118684, 36.90053034767815 -1.269853079576928, 36.902089653047774 -1.26723880738909, 36.90905873002752 -1.260228304224297, 36.9142784106416 -1.258844178584736, 36.92241319475083 -1.257060598356262, 36.92391997517193 -1.26117543551799, 36.918171138924315 -1.265862885938611, 36.91563056987219 -1.26844700594097, 36.91370132465195 -1.270942079798406, 36.90990980273874 -1.275989892542514, 36.908246478340324 -1.278290425295031, 36.90627831013828 -1.279969366114556, 36.902113778954224 -1.282162888343626)",Very Low,7.671919975522536,39.56778497582987,Komarock
35,0.22337919998785208,POINT (36.89196330339092 -1.2483246305212767),"LINESTRING (36.8868399032794 -1.249068563415375, 36.887778662578114 -1.248981103536277, 36.888385410557916 -1.248571711736844, 36.88821246524533 -1.24763841838196, 36.88884959433554 -1.24758086129606, 36.88868646175306 -1.246437793635369, 36.889793453360966 -1.246358976193249, 36.89068643333975 -1.245672657250211, 36.891133686858886 -1.244318625493188, 36.89359590898812 -1.244027618581383, 36.89390393994481 -1.242838487740623, 36.89518750384659 -1.242836418302213, 36.8962635533125 -1.243348551542667, 36.89708998658087 -1.242753490586934, 36.897958381605775 -1.242755674105583, 36.89929247261243 -1.242768719174636, 36.900092263441174 -1.24241382607046, 36.899628291263106 -1.243095323173796, 36.89853911993276 -1.243504562659649, 36.8967144861132 -1.243574795686575, 36.89634066345377 -1.243804080223034, 36.896218866434275 -1.244376362460385, 36.896392434047016 -1.245247812356427, 36.89659085978616 -1.245595824928094, 36.896525135009355 -1.24592728476677, 36.89531798303824 -1.245889769283935, 36.89500784634568 -1.248020622898128, 36.893731226744585 -1.248315546075866, 36.893522726728996 -1.249095747256157, 36.892867219504936 -1.249792291362159, 36.89370889675869 -1.252194602758386, 36.893475016955186 -1.252803667430781, 36.89254809789447 -1.253454177274958, 36.89117238315231 -1.253684898663387, 36.89071240716013 -1.253869109355848, 36.89040599949103 -1.254635793262408, 36.889740398469726 -1.254596075410099, 36.8868399032794 -1.249068563415375)",Very Low,8.206325286914602,39.56778497582987,Korogocho
36,0.2406007837408118,POINT (36.88032374120777 -1.3260020314708578),"LINESTRING (36.87596687466774 -1.316443478278549, 36.88716891632074 -1.322127040700239, 36.889111902346194 -1.330321038449916, 36.88201399321767 -1.336095806560023, 36.87048118406586 -1.324767015883566, 36.87596687466774 -1.316443478278549)",Very Low,8.827691636205897,39.56778497582987,Kwa Njenga
37,0.2234658483834494,POINT (36.863703304789695 -1.3235736176317148),"LINESTRING (36.87596687466774 -1.316443478278549, 36.87048118406586 -1.324767015883566, 36.88201399321767 -1.336095806560023, 36.87876091313037 -1.338099009368252, 36.86380062452016 -1.330921510987283, 36.85637930665216 -1.32955436091167, 36.85232323490745 -1.328088169413298, 36.84065955808666 -1.321252273340378, 36.84284153768437 -1.320411216068046, 36.84564946748028 -1.320180245116719, 36.84668832545518 -1.319633716635417, 36.84786265261449 -1.319747763996829, 36.84860217045878 -1.31882733817919, 36.84934527282747 -1.31778950730211, 36.85106049146305 -1.317282613339742, 36.852322057665255 -1.31725146150547, 36.85270999274635 -1.316417731268281, 36.8544756612909 -1.316698467751459, 36.85641825640206 -1.316254730964981, 36.85791238791543 -1.317454111295592, 36.8598709198061 -1.316971701602678, 36.862098518886114 -1.316673009828961, 36.86283682309885 -1.315114412962967, 36.864364071627804 -1.314073660847116, 36.86551875369172 -1.314195028956627, 36.8667406139211 -1.312746905569975, 36.86865555940426 -1.312293814947679, 36.87019460200626 -1.312403850878574, 36.87164584458006 -1.313091456345862, 36.87237626557847 -1.312736545361613, 36.87274123501207 -1.313748156461485, 36.877594606806014 -1.310870049840443, 36.879633924720714 -1.310673031571716, 36.87596687466774 -1.316443478278549)",Very Low,7.7309483386237465,39.56778497582987,Kwa Reuben
38,0.22497306090301858,POINT (36.8866243637449 -1.3190199113761267),"LINESTRING (36.889111902346194 -1.330321038449916, 36.88716891632074 -1.322127040700239, 36.87596687466774 -1.316443478278549, 36.879633924720714 -1.310673031571716, 36.88072051930283 -1.310377410445982, 36.88304309716052 -1.309336527050902, 36.88393449918746 -1.311618051260252, 36.88628794739062 -1.310886238712121, 36.890381836659806 -1.317732630156941, 36.89152812710531 -1.317197355182058, 36.89384508810698 -1.322730232933251, 36.89489118728738 -1.322341057303918, 36.896743333806405 -1.325818636754175, 36.889111902346194 -1.330321038449916)",Very Low,8.145877542360898,39.56778497582987,Kware
39,0.20525103058659927,POINT (36.80716389202661 -1.3134976335572035),"LINESTRING (36.807299329521584 -1.309014899694198, 36.80829908170707 -1.310138086298547, 36.810188321954286 -1.310328958685589, 36.80921285553029 -1.31536415726456, 36.806772502471084 -1.316726116066532, 36.80335332569983 -1.317010794721152, 36.807299329521584 -1.309014899694198)",Very Low,6.079243207845768,39.56778497582987,Laini Saba
40,0.2269204618299248,POINT (36.84135218804346 -1.3034900623207757),"LINESTRING (36.82879040773691 -1.310352641018954, 36.825686240878944 -1.303579162786177, 36.82403679990198 -1.300097929964636, 36.82376619303039 -1.298975338157376, 36.821827446599805 -1.295428246914239, 36.828443854633136 -1.292097863173386, 36.83358036164179 -1.289599176780563, 36.83445984677954 -1.289237405096188, 36.83572833808758 -1.289270704389454, 36.83685567590713 -1.289922538314601, 36.83841734814936 -1.292111284539634, 36.84320670921498 -1.300314334294111, 36.84409614563011 -1.30101406976168, 36.845592316331164 -1.30192588556819, 36.84946702139003 -1.302039732288513, 36.856685011083464 -1.300715201489773, 36.856693890201846 -1.301915649733601, 36.86095873176921 -1.308695271810242, 36.86120145000889 -1.311830775247753, 36.859734800514005 -1.313595878402172, 36.85789677534996 -1.314688882481151, 36.85641825640206 -1.316254730964981, 36.8544756612909 -1.316698467751459, 36.85270999274635 -1.316417731268281, 36.85108606600558 -1.315547435889973, 36.85032458707725 -1.314160984793669, 36.84876008936029 -1.314163377722093, 36.84834310556384 -1.314037928559477, 36.84773888400902 -1.314318187918744, 36.84468887976076 -1.312938558341945, 36.84355443645685 -1.31200883432234, 36.84323578797567 -1.311125701045432, 36.84089330539039 -1.310202857473246, 36.84091427921553 -1.308885050519473, 36.84139122292772 -1.308617077629838, 36.84139651607655 -1.30771200127708, 36.840523356920045 -1.306780944639726, 36.83891272525846 -1.308123519071943, 36.83786111049168 -1.30844348706503, 36.836302121241 -1.308274126446861, 36.83591330989005 -1.307885008420367, 36.83571046043634 -1.306922176432955, 36.83499634119008 -1.306487055814201, 36.83299169654701 -1.306470646394626, 36.83166030394784 -1.306779666444965, 36.83060539752041 -1.306790913081696, 36.83061692065237 -1.307479396999228, 36.83104085546061 -1.307997219072012, 36.83074798981221 -1.308726827541582, 36.83002344638915 -1.309414878521393, 36.82879040773691 -1.310352641018954)",Very Low,7.805034788107547,39.56778497582987,Landimawe
41,0.2339905948443649,POINT (36.792159811242776 -1.314806983367748),"LINESTRING (36.78179275653748 -1.313429162025093, 36.78623727641605 -1.311291006695384, 36.79245292075753 -1.310489197975695, 36.796496431323746 -1.312660762678188, 36.80063737038568 -1.317297142445272, 36.80039368455538 -1.31838827931071, 36.79847030244415 -1.319047539513424, 36.79636068315521 -1.31911628106528, 36.794813337017814 -1.320217240451363, 36.79344787902002 -1.318774528738093, 36.79235683792492 -1.318477263092228, 36.791082994622364 -1.31698563983367, 36.789852943477264 -1.316785196540162, 36.789850765867136 -1.31477087814589, 36.788906406788975 -1.314763840615664, 36.78789399120422 -1.315650765535972, 36.78631290744226 -1.316335205875484, 36.78179275653748 -1.313429162025093)",Very Low,8.822302944282988,39.56778497582987,Lindi
42,0.23073834484763409,POINT (36.896304165396366 -1.2949520266837307),"LINESTRING (36.886581052274 -1.294567528559642, 36.892358531969194 -1.291685513511586, 36.89839487579359 -1.286203664677328, 36.898868265035766 -1.284648103776503, 36.902113778954224 -1.282162888343626, 36.9068737161924 -1.292504016494368, 36.90739177312788 -1.294057791395941, 36.906096630789186 -1.29522312194753, 36.9048014884505 -1.29522312194753, 36.90350634611181 -1.295093640801587, 36.90337683187794 -1.297035857295807, 36.90221120377312 -1.297035857295807, 36.901045575668306 -1.297942224483117, 36.89767820558772 -1.298201186476971, 36.898455290990924 -1.299495996048301, 36.898455290990924 -1.301179247498578, 36.896901120184495 -1.301438209160497, 36.89638306324902 -1.30325094004914, 36.89288617893456 -1.305581592131412, 36.89068443695879 -1.305840553340584, 36.88915986543975 -1.306509037927536, 36.88768888859696 -1.302145294045265, 36.88606511269778 -1.296422262389948, 36.88580459317981 -1.295148020158293, 36.886581052274 -1.294567528559642)",Very Low,8.168281493572795,39.56778497582987,Lower Savannah
43,0.22349817915328865,POINT (36.8993761953745 -1.2389089112432339),"LINESTRING (36.900092263441174 -1.24241382607046, 36.89929247261243 -1.242768719174636, 36.897958381605775 -1.242755674105583, 36.89708998658087 -1.242753490586934, 36.8962635533125 -1.243348551542667, 36.89518750384659 -1.242836418302213, 36.89390393994481 -1.242838487740623, 36.89359590898812 -1.244027618581383, 36.891133686858886 -1.244318625493188, 36.89109083034097 -1.243612495050711, 36.88857711239941 -1.243719203858683, 36.88844084185542 -1.241452425753815, 36.890915244092376 -1.241443238884241, 36.891067960734475 -1.240045658805109, 36.89065967052089 -1.238079095329399, 36.89199454175935 -1.238240865075644, 36.894664038240194 -1.237988232832078, 36.89548975267125 -1.237155294130171, 36.897270331489295 -1.236045210965166, 36.89806167354245 -1.234501129265156, 36.898901976310526 -1.235091814385382, 36.90029308493219 -1.23548723199227, 36.9019654643647 -1.235342518186795, 36.90283240906316 -1.235345610587373, 36.90379497386693 -1.234394417811159, 36.904794831969156 -1.234261060478348, 36.90614557219206 -1.233518459607212, 36.907899680569635 -1.2351090120407, 36.90925595666434 -1.235206510705897, 36.910793094193245 -1.236132510161898, 36.91185747682292 -1.237691654294778, 36.910005310652316 -1.238502313887186, 36.908535501521236 -1.23802969367498, 36.906530552110276 -1.238543230506422, 36.90524776594114 -1.239129939972685, 36.904443069574754 -1.238712610793323, 36.902273070758405 -1.239833334770218, 36.90231671898083 -1.241552390841921, 36.901096213306374 -1.241540522693145, 36.90089787989058 -1.241838806310178, 36.9003357343091 -1.242292360505883, 36.900092263441174 -1.24241382607046)",Very Low,8.236678487797604,39.56778497582987,Lucky Summer
44,0.23791384953183534,POINT (36.85940335949728 -1.263300287126166),"LINESTRING (36.85951161248459 -1.263174761231749, 36.86166922876075 -1.261354533565349, 36.861666268211685 -1.259824635982427, 36.86284967918143 -1.258879839800358, 36.86389641707157 -1.258291583086039, 36.86598780365032 -1.262697809596225, 36.86038610652872 -1.264398170979271, 36.85969071272977 -1.264882727460323, 36.858876754500464 -1.266138384909633, 36.85714401861613 -1.266216850759106, 36.850946515630994 -1.266220078671668, 36.8504486050355 -1.264108733615114, 36.85091492425441 -1.264153025836371, 36.85156964272286 -1.264460085634703, 36.85207677706141 -1.26449160635417, 36.852292589342206 -1.264347517958745, 36.8553820643514 -1.264347803264544, 36.85579711272868 -1.264566544168719, 36.856742494300576 -1.264706543708696, 36.8586588304546 -1.264661986671444, 36.85890677945231 -1.263727272459725, 36.85951161248459 -1.263174761231749)",Very Low,10.316195512347742,39.56778497582987,Mabatini
45,0.22410194432350478,POINT (36.78362008268862 -1.309344993940168),"LINESTRING (36.79245292075753 -1.310489197975695, 36.78623727641605 -1.311291006695384, 36.78179275653748 -1.313429162025093, 36.777648993643155 -1.310756467577435, 36.776980644789234 -1.306881055562856, 36.78894408927443 -1.306379924261891, 36.78974610789914 -1.308918988402446, 36.79245292075753 -1.310489197975695)",Very Low,7.461910944818141,39.56778497582987,Makina
46,0.23365332181892862,POINT (36.85304519679894 -1.2966077566774339),"LINESTRING (36.856685011083464 -1.300715201489773, 36.84946702139003 -1.302039732288513, 36.845592316331164 -1.30192588556819, 36.84409614563011 -1.30101406976168, 36.84320670921498 -1.300314334294111, 36.83841734814936 -1.292111284539634, 36.842660913655564 -1.29265063363508, 36.85090598345864 -1.294571719158509, 36.851905045283154 -1.293746613120411, 36.85431553080038 -1.292372375444466, 36.861912735132655 -1.289245222938744, 36.862643396751665 -1.291379402402173, 36.86247712785047 -1.294108316950004, 36.861603214517466 -1.296618174260655, 36.86731585961196 -1.297404017393619, 36.87072407996312 -1.298386685900944, 36.856685011083464 -1.300715201489773)",Very Low,8.57237452097708,39.56778497582987,Makongeni
47,0.21507320169770425,POINT (36.868816631138586 -1.292492234310152),"LINESTRING (36.88580459317981 -1.295148020158293, 36.88606511269778 -1.296422262389948, 36.87072407996312 -1.298386685900944, 36.86731585961196 -1.297404017393619, 36.861603214517466 -1.296618174260655, 36.86247712785047 -1.294108316950004, 36.862643396751665 -1.291379402402173, 36.861912735132655 -1.289245222938744, 36.85431553080038 -1.292372375444466, 36.851905045283154 -1.293746613120411, 36.8521987107769 -1.292820466807692, 36.85232798126285 -1.291379427228877, 36.852430164268355 -1.289882402872173, 36.85263447547618 -1.289850217189455, 36.85338657214643 -1.289731737419991, 36.8541601846334 -1.289206412615391, 36.85465419761747 -1.288680759380775, 36.85512109657236 -1.288069000320213, 36.85686609625958 -1.287873143144202, 36.857852795599996 -1.287121683785634, 36.85920130256588 -1.286509281975995, 36.86020958494272 -1.285869817305913, 36.86135237942702 -1.284423283882769, 36.86262193107718 -1.284152199123425, 36.863480087281324 -1.283681122977133, 36.86452574760411 -1.283608544463123, 36.866898885475145 -1.287793925040012, 36.86807167190258 -1.288862813072466, 36.86781370977828 -1.294176562104821, 36.877255588351744 -1.292916480533278, 36.88512677911574 -1.291205449742024, 36.88580459317981 -1.295148020158293)",Very Low,7.19309340964299,39.56778497582987,Maringo/Hamza
48,0.21545910095046536,POINT (36.87162541492968 -1.2513514220495319),"LINESTRING (36.86389641707157 -1.258291583086039, 36.863838092780966 -1.25784878909343, 36.86414161064948 -1.257359034811922, 36.86540611959895 -1.256604117627555, 36.866268133197565 -1.256221389136046, 36.86779152323738 -1.256096565230182, 36.866440027784876 -1.252091263407194, 36.868444619331335 -1.25160636292341, 36.86891634013458 -1.250977247483779, 36.8691435171616 -1.24939270058928, 36.868925583224815 -1.247952745208945, 36.869507536730524 -1.2468536847168, 36.87077721161723 -1.24711541862298, 36.87534353639917 -1.247003348411384, 36.87649907758023 -1.247603640779827, 36.877316731031634 -1.248424063251404, 36.877882837071574 -1.249202954343069, 36.877673552268114 -1.249242332631147, 36.87694474604291 -1.250138842371247, 36.876873071575616 -1.25070284381335, 36.877252883287426 -1.251325043467521, 36.87724728442914 -1.251620227895605, 36.876748265163904 -1.252208550411606, 36.87621918047663 -1.252350172372193, 36.874929829538125 -1.252404060417035, 36.874337495018445 -1.252583087641314, 36.8737595841992 -1.252968716873687, 36.87238127686979 -1.254240448660783, 36.871224361792756 -1.254358632252657, 36.87037200831491 -1.25483750222422, 36.870125709438376 -1.255681249741561, 36.86967063554923 -1.25613782356918, 36.867641710909474 -1.25708461763, 36.8664451819213 -1.257366816489975, 36.864585247411476 -1.257559245901475, 36.86389641707157 -1.258291583086039)",Very Low,7.024638291872199,39.56778497582987,Mathare North
49,0.24326386931843053,POINT (36.930669299314864 -1.260901421058083),"LINESTRING (36.925935779815504 -1.267487483038586, 36.925227622232015 -1.266096246058565, 36.92551394541541 -1.265518312265545, 36.92391997517193 -1.26117543551799, 36.92241319475083 -1.257060598356262, 36.92703723049319 -1.256046762141915, 36.93413068617479 -1.253069402473094, 36.93675884429492 -1.260008738451488, 36.93869287963879 -1.265189724441746, 36.93824068532919 -1.266041450714683, 36.93432432186717 -1.266024465806157, 36.93301901249089 -1.267193678809716, 36.93169771546994 -1.266474008144034, 36.929723178214495 -1.266656508108603, 36.92933244479636 -1.267216744963578, 36.92761339872104 -1.266924575504022, 36.925935779815504 -1.267487483038586)",Very Low,8.951863450002435,39.56778497582987,Matopeni
50,0.2602623296242902,POINT (36.94946130456383 -1.280624785145043),"LINESTRING (36.920304691700494 -1.274511082316324, 36.92064235286404 -1.272529778179909, 36.92234496321127 -1.271657100073499, 36.92449182239985 -1.270765086078085, 36.925276818693376 -1.269829248223175, 36.92526075059087 -1.269164485945186, 36.924863379733615 -1.268775958186473, 36.924820348913755 -1.268096166117838, 36.925935779815504 -1.267487483038586, 36.92761339872104 -1.266924575504022, 36.92933244479636 -1.267216744963578, 36.929723178214495 -1.266656508108603, 36.93169771546994 -1.266474008144034, 36.93301901249089 -1.267193678809716, 36.93432432186717 -1.266024465806157, 36.93824068532919 -1.266041450714683, 36.93869287963879 -1.265189724441746, 36.93675884429492 -1.260008738451488, 36.939435785412506 -1.260111759584509, 36.967985103181725 -1.260915243959407, 36.98103342034634 -1.269086714926594, 36.990816335955 -1.283209470242545, 36.97471984334289 -1.290148985489229, 36.96126969441733 -1.294316753787021, 36.95842038127221 -1.291856610004734, 36.94287867320795 -1.300790804955849, 36.93044530675654 -1.305711072739331, 36.91801194030513 -1.295870527578007, 36.91658728373257 -1.293021941567243, 36.91593971256322 -1.290820759278216, 36.91575614060825 -1.290338138066993, 36.91579969185776 -1.289719602829102, 36.914946878981276 -1.28888757135539, 36.91501154581021 -1.288066987388177, 36.915372724943566 -1.287592937641467, 36.916320948031775 -1.287215471899816, 36.916611593627984 -1.286185930518948, 36.917081902115 -1.285729276391191, 36.91814527258979 -1.284444106686759, 36.91838098075456 -1.282718645037991, 36.91843361968715 -1.282290327493348, 36.917738853719506 -1.282134422056156, 36.91753616336182 -1.28177318143114, 36.91762215322437 -1.281474903873061, 36.91796421563648 -1.280738829378161, 36.91812920808628 -1.28035911787546, 36.91797445042888 -1.278933354208291, 36.91924296786602 -1.277701741080955, 36.92071240781956 -1.277625506411943, 36.92106848199359 -1.277435643176893, 36.921047260194875 -1.276911014746867, 36.92070137941288 -1.276608528971344, 36.9205615809271 -1.275777995558314, 36.920304691700494 -1.274511082316324)",Very Low,10.53292721495141,39.56778497582987,Mihango
51,0.20874114838331445,POINT (36.8463897101511 -1.2652193692073008),"LINESTRING (36.8504486050355 -1.264108733615114, 36.850946515630994 -1.266220078671668, 36.84901098404946 -1.26646906176162, 36.84729934775338 -1.266709022385867, 36.84368015361425 -1.267502127978813, 36.84262857973133 -1.264305078227206, 36.84267378951008 -1.263676696384972, 36.843135738995045 -1.263616975251154, 36.84354637372213 -1.26347931260009, 36.84465877566961 -1.263619283471794, 36.845392443939986 -1.262952872490808, 36.84642397271577 -1.263277219329449, 36.84698338706234 -1.26378872101278, 36.847401455322085 -1.263192591162348, 36.847571143836966 -1.263295155026421, 36.84799131257755 -1.264000742472714, 36.84834422332156 -1.264082275785894, 36.848619171896104 -1.264494527068826, 36.8496615526467 -1.264282225524179, 36.8500095382758 -1.26411212322409, 36.85018035263233 -1.263750205454534, 36.8504486050355 -1.264108733615114)",Very Low,6.079243207845768,39.56778497582987,Mlango Kubwa
52,0.22446381700030588,POINT (36.73659766022396 -1.270591211039014),"LINESTRING (36.739929868735395 -1.265248061514089, 36.74051268278781 -1.269520985655583, 36.74996722186024 -1.269520985655583, 36.750614793029584 -1.274959242528274, 36.7492771447076 -1.274102350438065, 36.747872039360615 -1.274908565611076, 36.743217978047554 -1.277063205622712, 36.738662058753796 -1.277932913604874, 36.73553991063692 -1.276138402824946, 36.73083753103969 -1.272809695537956, 36.72790461317615 -1.271075993825981, 36.719794996320324 -1.263879527092495, 36.721538847526006 -1.263953234626064, 36.72412913220339 -1.263694269170965, 36.73008678696136 -1.265248061514089, 36.739929868735395 -1.265248061514089)",Very Low,7.198719649971218,39.56778497582987,Mountain View
53,0.21803194562453473,POINT (36.89612209394723 -1.2663925478634361),"LINESTRING (36.897479702749415 -1.271989586118684, 36.895029950216035 -1.273849389194565, 36.89204073739319 -1.275260766747659, 36.88482954889759 -1.276854839695989, 36.8817463581228 -1.277152513703982, 36.8813316876303 -1.274564859214946, 36.890345635217926 -1.266406011732671, 36.891264900527524 -1.265195651402947, 36.89165752583321 -1.260944848939557, 36.89193765514436 -1.260379249853143, 36.89252049769899 -1.259582633770757, 36.89367938853355 -1.259352668831882, 36.898643676447456 -1.258660570121239, 36.9000434280348 -1.258256226547291, 36.9007834352278 -1.257378663610135, 36.901774414879156 -1.257745182034978, 36.902844665218055 -1.25778429410794, 36.90493996433656 -1.257133012464166, 36.90959919714025 -1.257178041207028, 36.9142784106416 -1.258844178584736, 36.90905873002752 -1.260228304224297, 36.902089653047774 -1.26723880738909, 36.90053034767815 -1.269853079576928, 36.897479702749415 -1.271989586118684)",Very Low,7.347388903210006,39.56778497582987,Mowlem
54,0.23396760802958155,POINT (36.85005574842432 -1.372292679541858),"LINESTRING (36.812617946275864 -1.313065076830745, 36.806500184944014 -1.322543494736997, 36.795232446597424 -1.324615169583535, 36.79782273127479 -1.333419768325209, 36.830201289742014 -1.328629034667339, 36.8517601546775 -1.329474342346362, 36.88322601728801 -1.350098425351404, 36.89322290623938 -1.361178583077401, 36.89546713916044 -1.359070192645411, 36.90077643622307 -1.365075891095157, 36.91677678340991 -1.377801344565389, 36.92708421580717 -1.394352385870518, 36.93736036404403 -1.399906248558187, 36.94443284401438 -1.407221763963731, 36.94760545894886 -1.42175502906883, 36.96362573039909 -1.440096708205162, 36.961587001750225 -1.444981450666146, 36.95705012865392 -1.438641649029379, 36.951588452991246 -1.438008802439512, 36.94265388789555 -1.433492464014822, 36.93181505454122 -1.432882652621121, 36.89086088283996 -1.413958737699965, 36.89461541267839 -1.411897528202443, 36.88258931354666 -1.40628739189282, 36.871288954743946 -1.407069045414626, 36.85979697226276 -1.400056741482973, 36.84940178001699 -1.395675979002782, 36.84338830304362 -1.387564305445109, 36.82985237742463 -1.387583143472017, 36.825686655362794 -1.385345167253782, 36.82106594530271 -1.38287148645193, 36.815626347480226 -1.382047725832556, 36.8094504990231 -1.387578334534652, 36.79346612442932 -1.385766064899593, 36.782846898188225 -1.388894548647283, 36.76789165419176 -1.389249702627299, 36.767645914783344 -1.372651638760608, 36.76583271550918 -1.369026278105521, 36.764796601638224 -1.365012479557598, 36.76091117462215 -1.359509680340197, 36.760134089218944 -1.356402211708166, 36.76039311768668 -1.35225891399277, 36.76376048776727 -1.342936468306372, 36.77075425639619 -1.339052105428006, 36.77489871187999 -1.336203568737289, 36.77179037026714 -1.33490877824, 36.771013284863926 -1.329211691960488, 36.77800705349284 -1.329211691960488, 36.773126347374436 -1.316414049758376, 36.77554628304935 -1.316198979773227, 36.77753646794487 -1.31644552680027, 36.77906563832622 -1.317657934084746, 36.78007928123476 -1.317623260050506, 36.78264723670559 -1.317554614805777, 36.784353250952435 -1.316587419929574, 36.78631290744226 -1.316335205875484, 36.78789399120422 -1.315650765535972, 36.788906406788975 -1.314763840615664, 36.789850765867136 -1.31477087814589, 36.789852943477264 -1.316785196540162, 36.791082994622364 -1.31698563983367, 36.79235683792492 -1.318477263092228, 36.79344787902002 -1.318774528738093, 36.794813337017814 -1.320217240451363, 36.79636068315521 -1.31911628106528, 36.79847030244415 -1.319047539513424, 36.80039368455538 -1.31838827931071, 36.80063737038568 -1.317297142445272, 36.80335332569983 -1.317010794721152, 36.806772502471084 -1.316726116066532, 36.80921285553029 -1.31536415726456, 36.810361501023536 -1.315121750328895, 36.812617946275864 -1.313065076830745)",Very Low,9.196977223305094,39.56778497582987,Mugumo-Ini
55,0.22314527501982415,POINT (36.697916161015925 -1.2948023004055402),"LINESTRING (36.68733930334959 -1.284627335782612, 36.69045543139748 -1.286288907392646, 36.69563600075224 -1.286418388986919, 36.696413086155445 -1.284476164383252, 36.699132885066696 -1.284476164383252, 36.70107559857475 -1.282404456512238, 36.70107559857475 -1.285512017689047, 36.700298513171525 -1.287195278414548, 36.70081657010701 -1.291727128687004, 36.704572482889205 -1.295093640801587, 36.70819888143753 -1.295741046465156, 36.70910548107461 -1.294187272594782, 36.711048194582645 -1.293151422818945, 36.71350896502616 -1.29548208421958, 36.72102079059055 -1.297942224483117, 36.72257496139698 -1.303121459314635, 36.718689534380914 -1.302991978573475, 36.70716276756658 -1.298330667463962, 36.70522005405855 -1.304545747028038, 36.701334627042485 -1.302085613198967, 36.695376972284514 -1.299107553246573, 36.69058494563137 -1.297424300415845, 36.685404376276615 -1.296129489783877, 36.683850205470186 -1.299884438790285, 36.67557105390053 -1.299845698273611, 36.683025893563034 -1.291723389058483, 36.68733930334959 -1.284627335782612)",Very Low,7.842001028881735,39.56778497582987,Mutuini
56,0.2247384456094171,POINT (36.919852618183704 -1.2144084662620889),"LINESTRING (36.90850855324043 -1.211735233514645, 36.90946130049596 -1.210569798879759, 36.91351165739377 -1.205615256964338, 36.91681055217856 -1.201493335812396, 36.92709607922163 -1.211082827084701, 36.928661812629294 -1.218731702063611, 36.92859744226203 -1.220489492995331, 36.928351143595506 -1.22721528284112, 36.917022261090914 -1.221881991447073, 36.90850855324043 -1.211735233514645)",Very Low,8.432698009727723,39.56778497582987,Mwiki
57,0.22212677738479042,POINT (36.82907632048958 -1.2866176680316896),"LINESTRING (36.82032051276502 -1.293130807402964, 36.81402324426174 -1.280237050195234, 36.81368108059085 -1.277924659872047, 36.812445636630144 -1.274462895576118, 36.81530700723278 -1.276180771205971, 36.817184047390775 -1.276272219321442, 36.818786065261925 -1.277492588375555, 36.82043503811867 -1.277886303184452, 36.82107197962649 -1.279042583441144, 36.82240369785277 -1.279719819131334, 36.82573241433867 -1.27962224902518, 36.82778639947505 -1.279953135607635, 36.830075939187445 -1.281194374718866, 36.83173366776702 -1.281725900460047, 36.833875700440494 -1.283222838270972, 36.83536048356378 -1.285757925495018, 36.83560732804349 -1.286202072213022, 36.837610773082154 -1.287047620873004, 36.83997826904448 -1.286763228222528, 36.84127651297817 -1.287991353082609, 36.842516921777325 -1.288096955602303, 36.84351291636735 -1.286917277219285, 36.844101081358744 -1.287638760544344, 36.84589360642163 -1.287859288277193, 36.8468849832867 -1.288068245133623, 36.847936684969504 -1.288944178235093, 36.84905870653073 -1.289728374873972, 36.852430164268355 -1.289882402872173, 36.85232798126285 -1.291379427228877, 36.8521987107769 -1.292820466807692, 36.851905045283154 -1.293746613120411, 36.85090598345864 -1.294571719158509, 36.842660913655564 -1.29265063363508, 36.83841734814936 -1.292111284539634, 36.83685567590713 -1.289922538314601, 36.83572833808758 -1.289270704389454, 36.83445984677954 -1.289237405096188, 36.83358036164179 -1.289599176780563, 36.828443854633136 -1.292097863173386, 36.821827446599805 -1.295428246914239, 36.82032051276502 -1.293130807402964)",Very Low,7.812658486459722,39.56778497582987,Nairobi Central
58,0.22994506836281978,POINT (36.83936600408103 -1.3140625802821986),"LINESTRING (36.82879040773691 -1.310352641018954, 36.83002344638915 -1.309414878521393, 36.83074798981221 -1.308726827541582, 36.83104085546061 -1.307997219072012, 36.83061692065237 -1.307479396999228, 36.83060539752041 -1.306790913081696, 36.83166030394784 -1.306779666444965, 36.83299169654701 -1.306470646394626, 36.83499634119008 -1.306487055814201, 36.83571046043634 -1.306922176432955, 36.83591330989005 -1.307885008420367, 36.836302121241 -1.308274126446861, 36.83786111049168 -1.30844348706503, 36.83891272525846 -1.308123519071943, 36.840523356920045 -1.306780944639726, 36.84139651607655 -1.30771200127708, 36.84139122292772 -1.308617077629838, 36.84091427921553 -1.308885050519473, 36.84089330539039 -1.310202857473246, 36.84323578797567 -1.311125701045432, 36.84355443645685 -1.31200883432234, 36.84468887976076 -1.312938558341945, 36.84773888400902 -1.314318187918744, 36.84834310556384 -1.314037928559477, 36.84876008936029 -1.314163377722093, 36.85032458707725 -1.314160984793669, 36.85108606600558 -1.315547435889973, 36.85270999274635 -1.316417731268281, 36.852322057665255 -1.31725146150547, 36.85106049146305 -1.317282613339742, 36.84934527282747 -1.31778950730211, 36.84860217045878 -1.31882733817919, 36.84786265261449 -1.319747763996829, 36.84668832545518 -1.319633716635417, 36.84564946748028 -1.320180245116719, 36.84284153768437 -1.320411216068046, 36.84065955808666 -1.321252273340378, 36.832874118607634 -1.316508293255063, 36.83093056054652 -1.314504814226525, 36.82879040773691 -1.310352641018954)",Very Low,8.146007985868824,39.56778497582987,Nairobi South
59,0.2549619384829698,POINT (36.816033160296016 -1.3203476120788185),"LINESTRING (36.82879040773691 -1.310352641018954, 36.830201289742014 -1.328629034667339, 36.79782273127479 -1.333419768325209, 36.795232446597424 -1.324615169583535, 36.806500184944014 -1.322543494736997, 36.812617946275864 -1.313065076830745, 36.81502293271106 -1.31292741303492, 36.81639520074404 -1.31219687915862, 36.81271892658029 -1.31130900709649, 36.810188321954286 -1.310328958685589, 36.80829908170707 -1.310138086298547, 36.807299329521584 -1.309014899694198, 36.80826246388616 -1.308107610140876, 36.810241022636816 -1.308075873371923, 36.8139156326536 -1.306085801082903, 36.815608194070464 -1.305312529667443, 36.81879955639471 -1.306046545155902, 36.82156447901918 -1.305580291437704, 36.822795113529665 -1.304862599334271, 36.825686240878944 -1.303579162786177, 36.82879040773691 -1.310352641018954)",Very Low,10.20535532236848,39.56778497582987,Nairobi West
60,0.22159016603925466,POINT (36.744267253327386 -1.300817478465949),"LINESTRING (36.75312509634947 -1.293197969740022, 36.75683169184181 -1.297568328977893, 36.760872953544016 -1.298714080765575, 36.74666460889659 -1.30402782431642, 36.74148403954183 -1.305581592131412, 36.73708055559029 -1.306487956246777, 36.7299572727275 -1.308818605327063, 36.73112290083233 -1.301956132404577, 36.73591492748548 -1.300272881472514, 36.737469098291896 -1.299625476968932, 36.738893754864456 -1.299237034187114, 36.740447925670885 -1.298978072299377, 36.742261124945045 -1.297942224483117, 36.742520153412784 -1.296906376242546, 36.74407432421921 -1.296776895182657, 36.74472189538855 -1.295741046465156, 36.74731218006593 -1.295741046465156, 36.74821877970301 -1.294316753787021, 36.75312509634947 -1.293197969740022)",Very Low,7.185799276256142,39.56778497582987,Ngando
61,0.23508837087153964,POINT (36.82571895309687 -1.2739905460175962),"LINESTRING (36.812445636630144 -1.274462895576118, 36.81422479738847 -1.273026733677363, 36.81456362628567 -1.271241985291525, 36.81576612960467 -1.269516623963749, 36.82074892264456 -1.268945592860677, 36.82334730323754 -1.268910918826437, 36.82773036980479 -1.268515438662638, 36.83422204104409 -1.266616594746389, 36.83222351542905 -1.269130396973032, 36.836352868708026 -1.270525494641209, 36.8342402457734 -1.276665722234765, 36.835241689808456 -1.277555828179513, 36.83173366776702 -1.281725900460047, 36.830075939187445 -1.281194374718866, 36.82778639947505 -1.279953135607635, 36.82573241433867 -1.27962224902518, 36.82240369785277 -1.279719819131334, 36.82107197962649 -1.279042583441144, 36.82043503811867 -1.277886303184452, 36.818786065261925 -1.277492588375555, 36.817184047390775 -1.276272219321442, 36.81530700723278 -1.276180771205971, 36.812445636630144 -1.274462895576118)",Very Low,8.164154127193774,39.56778497582987,Ngara
62,0.20446940780352854,POINT (36.86716420965977 -1.2589864005656692),"LINESTRING (36.86734387935626 -1.262286180992819, 36.86598780365032 -1.262697809596225, 36.86389641707157 -1.258291583086039, 36.864585247411476 -1.257559245901475, 36.8664451819213 -1.257366816489975, 36.867641710909474 -1.25708461763, 36.86967063554923 -1.25613782356918, 36.870125709438376 -1.255681249741561, 36.870872539710554 -1.25754671636667, 36.868818549153914 -1.2588444371048, 36.868946257904284 -1.260461985772281, 36.86698918597315 -1.261009773404628, 36.86696609741871 -1.261581242825993, 36.86734387935626 -1.262286180992819)",Very Low,6.079243207845768,39.56778497582987,Ngei
63,0.24696619610010428,POINT (36.92556686828498 -1.2508834642213715),"LINESTRING (36.92241319475083 -1.257060598356262, 36.9142784106416 -1.258844178584736, 36.90959919714025 -1.257178041207028, 36.90493996433656 -1.257133012464166, 36.902844665218055 -1.25778429410794, 36.901774414879156 -1.257745182034978, 36.9007834352278 -1.257378663610135, 36.89871452918463 -1.256690820111856, 36.901968885301514 -1.255845895951639, 36.903302945059245 -1.253203526529114, 36.90378131305653 -1.252078421957019, 36.90837885064715 -1.249224004607834, 36.91075958753988 -1.246939907501823, 36.91170906872282 -1.246862820629442, 36.914038974295735 -1.24622443431287, 36.915457612992185 -1.245011722168099, 36.91647069201635 -1.243549502061523, 36.91769466658832 -1.242715789165355, 36.921086072212404 -1.242367539138394, 36.92562841177041 -1.242908406919931, 36.927455362293216 -1.242459269714858, 36.93005676405493 -1.242523756365242, 36.93523733340968 -1.243948077567163, 36.937957132320925 -1.244854463386316, 36.940806445466045 -1.245890332512381, 36.94300818744181 -1.245501881637819, 36.94728215715949 -1.244983947049336, 36.9501314703046 -1.246019816124512, 36.94937631732876 -1.248388541501023, 36.94611652905466 -1.248480003544874, 36.94416024767029 -1.249485650646794, 36.94347617296098 -1.258148522321672, 36.939435785412506 -1.260111759584509, 36.93675884429492 -1.260008738451488, 36.93413068617479 -1.253069402473094, 36.92703723049319 -1.256046762141915, 36.92241319475083 -1.257060598356262)",Very Low,9.368761538423701,39.56778497582987,Njiru
64,0.2020402926970849,POINT (36.81179261558966 -1.31263650356973),"LINESTRING (36.810188321954286 -1.310328958685589, 36.81271892658029 -1.31130900709649, 36.81639520074404 -1.31219687915862, 36.81502293271106 -1.31292741303492, 36.812617946275864 -1.313065076830745, 36.810361501023536 -1.315121750328895, 36.80921285553029 -1.31536415726456, 36.810188321954286 -1.310328958685589)",Very Low,6.079243207845768,39.56778497582987,Nyayo Highrise
65,0.2388997027056096,POINT (36.83995605697897 -1.272185556041244),"LINESTRING (36.83422204104409 -1.266616594746389, 36.8374669079459 -1.264284019916543, 36.83825304437852 -1.264471035497144, 36.83930467550147 -1.263969154537865, 36.84262857973133 -1.264305078227206, 36.84368015361425 -1.267502127978813, 36.846402881920994 -1.280188235905265, 36.84439763865351 -1.280237142245207, 36.842766196840536 -1.280379857169641, 36.83678624568213 -1.277679235963722, 36.835241689808456 -1.277555828179513, 36.8342402457734 -1.276665722234765, 36.836352868708026 -1.270525494641209, 36.83222351542905 -1.269130396973032, 36.83422204104409 -1.266616594746389)",Very Low,8.867955942253868,39.56778497582987,Pangani
66,0.23632816506872825,POINT (36.79232746929967 -1.2560905606446542),"LINESTRING (36.802614757927934 -1.252558730246244, 36.804168928734356 -1.255018911537639, 36.80779532728269 -1.255277877854821, 36.81116269736328 -1.255277877854821, 36.804168928734356 -1.265636509454499, 36.80320832366624 -1.266082911762358, 36.79933207855327 -1.261726814842819, 36.795811481095264 -1.261180121388098, 36.79317546996378 -1.261140560655639, 36.78418736104694 -1.259355585839077, 36.77955783831611 -1.258778731492594, 36.77418542037085 -1.256406498837024, 36.778038950439885 -1.248805638238632, 36.78002032557351 -1.248751533695634, 36.78389222323247 -1.249360298515387, 36.79044041994426 -1.250228030050068, 36.794584875428065 -1.251781830410989, 36.79536196083128 -1.25074596360594, 36.797693217040916 -1.25074596360594, 36.80054253018603 -1.252558730246244, 36.802614757927934 -1.252558730246244)",Very Low,8.628544164431494,39.56778497582987,Parklands/Highridge
67,0.21069806972759933,POINT (36.8918600050898 -1.3154813427181287),"LINESTRING (36.88304309716052 -1.309336527050902, 36.885495133764834 -1.308539822961563, 36.88915986543975 -1.306509037927536, 36.899851434263596 -1.323838291718915, 36.896743333806405 -1.325818636754175, 36.89489118728738 -1.322341057303918, 36.89384508810698 -1.322730232933251, 36.89152812710531 -1.317197355182058, 36.890381836659806 -1.317732630156941, 36.88628794739062 -1.310886238712121, 36.88393449918746 -1.311618051260252, 36.88304309716052 -1.309336527050902)",Very Low,7.004159776029445,39.56778497582987,Pipeline
68,0.20533736944274206,POINT (36.84335377976512 -1.2851035800492467),"LINESTRING (36.83536048356378 -1.285757925495018, 36.83738830807228 -1.285593277270257, 36.83854266423211 -1.284875573839248, 36.839756824114204 -1.284958150793346, 36.841029295271596 -1.283650041095035, 36.84434557666636 -1.282947918142475, 36.84439763865351 -1.280237142245207, 36.846402881920994 -1.280188235905265, 36.8468131181995 -1.282403492978233, 36.847936684969504 -1.288944178235093, 36.8468849832867 -1.288068245133623, 36.84589360642163 -1.287859288277193, 36.844101081358744 -1.287638760544344, 36.84351291636735 -1.286917277219285, 36.842516921777325 -1.288096955602303, 36.84127651297817 -1.287991353082609, 36.83997826904448 -1.286763228222528, 36.837610773082154 -1.287047620873004, 36.83560732804349 -1.286202072213022, 36.83536048356378 -1.285757925495018)",Very Low,6.079243207845768,39.56778497582987,Pumwani
69,0.2450170364284181,POINT (36.73646449181959 -1.2921280704426517),"LINESTRING (36.75110482046048 -1.292647556549284, 36.75312509634947 -1.293197969740022, 36.74821877970301 -1.294316753787021, 36.74731218006593 -1.295741046465156, 36.74472189538855 -1.295741046465156, 36.74407432421921 -1.296776895182657, 36.742520153412784 -1.296906376242546, 36.742261124945045 -1.297942224483117, 36.740447925670885 -1.298978072299377, 36.738893754864456 -1.299237034187114, 36.737469098291896 -1.299625476968932, 36.73591492748548 -1.300272881472514, 36.73591492748548 -1.297683262462738, 36.734101728211314 -1.296647414116152, 36.72723747381627 -1.296000008684256, 36.7241291322034 -1.291209203350118, 36.72516524607436 -1.288101649114297, 36.73779166928438 -1.284924743020175, 36.73938547047503 -1.285923259370544, 36.741967540839944 -1.287458610014104, 36.74545621084194 -1.29038139656528, 36.74925489357397 -1.292633497772494, 36.75110482046048 -1.292647556549284)",Very Low,9.214309098540799,39.56778497582987,Riruta
70,0.23421147218892482,POINT (36.86128984037764 -1.2289998132573527),"LINESTRING (36.8972896628861 -1.202512968423633, 36.89625354901514 -1.204066796503215, 36.894051807039375 -1.2063975369616, 36.891072979660386 -1.216497389159635, 36.88874172345075 -1.2205114225009, 36.88813595464062 -1.222097742822507, 36.873698919076 -1.233833144604774, 36.87085953489062 -1.236807360792569, 36.86994673523242 -1.23857621231841, 36.86712327570832 -1.243931005411682, 36.86672586662894 -1.244791300700702, 36.85718410632407 -1.254750481225354, 36.85551553619462 -1.25646340199323, 36.853244982354106 -1.258086379821809, 36.85104389949181 -1.258679360926313, 36.84979466666856 -1.258781204211984, 36.84708610323852 -1.25872106936598, 36.84245365347586 -1.260949451482614, 36.84509542663693 -1.250098546645131, 36.841728056556335 -1.245955074319242, 36.841209999620865 -1.235337396788569, 36.83318011712099 -1.223424830045718, 36.8299340469618 -1.21793040592177, 36.84321211172465 -1.218891011102265, 36.8972896628861 -1.202512968423633)",Very Low,8.697362963161991,39.56778497582987,Roysambu
71,0.24349517258054953,POINT (37.03728904439396 -1.2580901891344647),"LINESTRING (37.10274282198768 -1.262701777061617, 37.102274787556006 -1.273092278767264, 37.09399594122361 -1.27420555452238, 37.07666183941043 -1.290031996452926, 37.07603209954507 -1.304583633855423, 37.02678706011613 -1.292094768080202, 36.990816335955 -1.283209470242545, 36.98103342034634 -1.269086714926594, 36.967985103181725 -1.260915243959407, 36.939435785412506 -1.260111759584509, 36.94347617296098 -1.258148522321672, 36.94416024767029 -1.249485650646794, 36.94611652905466 -1.248480003544874, 36.94937631732876 -1.248388541501023, 36.9501314703046 -1.246019816124512, 36.95362835461906 -1.246796717663578, 36.95880892397382 -1.247055684792336, 36.96282386522376 -1.24860948702958, 36.96696832070756 -1.249127420904627, 36.96955860538494 -1.251717088747673, 36.97111277619137 -1.249515871243913, 36.97370306086874 -1.24614929973027, 36.976422859779994 -1.245760848893888, 36.9809558579654 -1.243559626406492, 36.98561837038468 -1.246019816124512, 36.99170553937652 -1.246019816124512, 36.995331937924846 -1.244595496041192, 36.99934687917478 -1.241099434395343, 37.002366554943336 -1.235510342230777, 37.006992603786 -1.237128634900378, 37.01319182522098 -1.235345876866925, 37.01281812787034 -1.231396517418227, 37.03710309424524 -1.2157551154191, 37.04629106858547 -1.209691501176262, 37.056191161603216 -1.207444690281732, 37.070575794973216 -1.218184697207958, 37.08070093909477 -1.237383446638026, 37.09522725760652 -1.244832319889793, 37.09458231334045 -1.254727373311842, 37.10274282198768 -1.262701777061617)",Very Low,9.738102921515521,39.56778497582987,Ruai
72,0.2237432895046439,POINT (36.77545988108631 -1.3123753686080235),"LINESTRING (36.78179275653748 -1.313429162025093, 36.78631290744226 -1.316335205875484, 36.784353250952435 -1.316587419929574, 36.78264723670559 -1.317554614805777, 36.78007928123476 -1.317623260050506, 36.77906563832622 -1.317657934084746, 36.77753646794487 -1.31644552680027, 36.77554628304935 -1.316198979773227, 36.773126347374436 -1.316414049758376, 36.77134371497827 -1.312765794612039, 36.76891254382215 -1.313771341604984, 36.76744608489038 -1.310492634755263, 36.76802477014665 -1.307649456696787, 36.776980644789234 -1.306881055562856, 36.777648993643155 -1.310756467577435, 36.78179275653748 -1.313429162025093)",Very Low,7.10873514710592,39.56778497582987,Sarangombe
73,0.21982745932842945,POINT (36.83761263315568 -1.323811162747199),"LINESTRING (36.830201289742014 -1.328629034667339, 36.82879040773691 -1.310352641018954, 36.83093056054652 -1.314504814226525, 36.832874118607634 -1.316508293255063, 36.84065955808666 -1.321252273340378, 36.85232323490745 -1.328088169413298, 36.8517601546775 -1.329474342346362, 36.830201289742014 -1.328629034667339)",Very Low,7.458141461909586,39.56778497582987,South-C
74,0.2145732416188866,POINT (36.8874965808737 -1.2825440995690613),"LINESTRING (36.895029950216035 -1.273849389194565, 36.886581052274 -1.294567528559642, 36.88580459317981 -1.295148020158293, 36.88512677911574 -1.291205449742024, 36.88258841368126 -1.282241909734539, 36.8817463581228 -1.277152513703982, 36.88482954889759 -1.276854839695989, 36.89204073739319 -1.275260766747659, 36.895029950216035 -1.273849389194565)",Very Low,6.779156245507151,39.56778497582987,Umoja I
75,0.22365004562054144,POINT (36.894898785507074 -1.2832276601589685),"LINESTRING (36.886581052274 -1.294567528559642, 36.895029950216035 -1.273849389194565, 36.897479702749415 -1.271989586118684, 36.902113778954224 -1.282162888343626, 36.898868265035766 -1.284648103776503, 36.89839487579359 -1.286203664677328, 36.892358531969194 -1.291685513511586, 36.886581052274 -1.294567528559642)",Very Low,8.177559148711378,39.56778497582987,Umoja II
76,0.21702296705727206,POINT (36.90706351518247 -1.286803208415119),"LINESTRING (36.902113778954224 -1.282162888343626, 36.90627831013828 -1.279969366114556, 36.91207218907733 -1.291124176824546, 36.90985254357138 -1.293151422818945, 36.908945943934306 -1.292504016494368, 36.9068737161924 -1.292504016494368, 36.902113778954224 -1.282162888343626)",Very Low,7.475044487753008,39.56778497582987,Upper Savannah
77,0.2150131797143052,POINT (36.8614789868574 -1.2550060769647586),"LINESTRING (36.86389641707157 -1.258291583086039, 36.86284967918143 -1.258879839800358, 36.861666268211685 -1.259824635982427, 36.86166922876075 -1.261354533565349, 36.85951161248459 -1.263174761231749, 36.85782467178794 -1.26293992345422, 36.85627366160737 -1.263251500846048, 36.85359723090274 -1.260607401278524, 36.85164050474115 -1.259449717978116, 36.85104389949181 -1.258679360926313, 36.853244982354106 -1.258086379821809, 36.85551553619462 -1.25646340199323, 36.85718410632407 -1.254750481225354, 36.86672586662894 -1.244791300700702, 36.869507536730524 -1.2468536847168, 36.868925583224815 -1.247952745208945, 36.8691435171616 -1.24939270058928, 36.86891634013458 -1.250977247483779, 36.868444619331335 -1.25160636292341, 36.866440027784876 -1.252091263407194, 36.86779152323738 -1.256096565230182, 36.866268133197565 -1.256221389136046, 36.86540611959895 -1.256604117627555, 36.86414161064948 -1.257359034811922, 36.863838092780966 -1.25784878909343, 36.86389641707157 -1.258291583086039)",Very Low,7.024401932695443,39.56778497582987,Utalii
78,0.22745849345360225,POINT (36.89903309554122 -1.3124640911514365),"LINESTRING (36.88915986543975 -1.306509037927536, 36.89068443695879 -1.305840553340584, 36.89288617893456 -1.305581592131412, 36.89638306324902 -1.30325094004914, 36.896901120184495 -1.301438209160497, 36.898455290990924 -1.301179247498578, 36.9083687557513 -1.317566351649162, 36.899851434263596 -1.323838291718915, 36.88915986543975 -1.306509037927536)",Very Low,8.150395124361923,39.56778497582987,Utawala
79,0.24507694559899218,POINT (36.70619059720874 -1.2725155290106942),"LINESTRING (36.69901361900716 -1.264030345923035, 36.70164788061639 -1.261183385769547, 36.71005633609668 -1.261083216361084, 36.716214312922496 -1.260812920297457, 36.719794996320324 -1.263879527092495, 36.72790461317615 -1.271075993825981, 36.717394392042216 -1.277095697445057, 36.712602365389074 -1.279296891562375, 36.705090539824674 -1.280591710749438, 36.70107559857475 -1.282404456512238, 36.699132885066696 -1.284476164383252, 36.696413086155445 -1.284476164383252, 36.69563600075224 -1.286418388986919, 36.69045543139748 -1.286288907392646, 36.68733930334959 -1.284627335782612, 36.68903068089884 -1.280479892236062, 36.6941626724599 -1.269241205793992, 36.69901361900716 -1.264030345923035)",Very Low,9.051720296614247,39.56778497582987,Uthiru/Ruthimitu
80,0.24377300118146075,POINT (36.872498450383546 -1.3053763581264284),"LINESTRING (36.88606511269778 -1.296422262389948, 36.88768888859696 -1.302145294045265, 36.88915986543975 -1.306509037927536, 36.885495133764834 -1.308539822961563, 36.88304309716052 -1.309336527050902, 36.88072051930283 -1.310377410445982, 36.879633924720714 -1.310673031571716, 36.877594606806014 -1.310870049840443, 36.87274123501207 -1.313748156461485, 36.87237626557847 -1.312736545361613, 36.87164584458006 -1.313091456345862, 36.87019460200626 -1.312403850878574, 36.86865555940426 -1.312293814947679, 36.8667406139211 -1.312746905569975, 36.86551875369172 -1.314195028956627, 36.864364071627804 -1.314073660847116, 36.86283682309885 -1.315114412962967, 36.862098518886114 -1.316673009828961, 36.8598709198061 -1.316971701602678, 36.85791238791543 -1.317454111295592, 36.85641825640206 -1.316254730964981, 36.85789677534996 -1.314688882481151, 36.859734800514005 -1.313595878402172, 36.86120145000889 -1.311830775247753, 36.86095873176921 -1.308695271810242, 36.856693890201846 -1.301915649733601, 36.856685011083464 -1.300715201489773, 36.87072407996312 -1.298386685900944, 36.88606511269778 -1.296422262389948)",Very Low,8.848574489759832,39.56778497582987,Viwandani
81,0.23237136712534512,POINT (36.71883029142493 -1.285414104622849),"LINESTRING (36.72790461317615 -1.271075993825981, 36.73083753103969 -1.272809695537956, 36.73553991063692 -1.276138402824946, 36.735974267538055 -1.280205135021842, 36.73779166928438 -1.284924743020175, 36.72516524607436 -1.288101649114297, 36.7241291322034 -1.291209203350118, 36.72723747381627 -1.296000008684256, 36.72516524607436 -1.298071705483365, 36.72257496139698 -1.303121459314635, 36.72102079059055 -1.297942224483117, 36.71350896502616 -1.29548208421958, 36.711048194582645 -1.293151422818945, 36.70910548107461 -1.294187272594782, 36.70819888143753 -1.295741046465156, 36.704572482889205 -1.295093640801587, 36.70081657010701 -1.291727128687004, 36.700298513171525 -1.287195278414548, 36.70107559857475 -1.285512017689047, 36.70107559857475 -1.282404456512238, 36.705090539824674 -1.280591710749438, 36.712602365389074 -1.279296891562375, 36.717394392042216 -1.277095697445057, 36.72790461317615 -1.271075993825981)",Very Low,8.104456399363595,39.56778497582987,Waithaka
82,0.22504310754069456,POINT (36.789477524499546 -1.304152780598847),"LINESTRING (36.825686240878944 -1.303579162786177, 36.822795113529665 -1.304862599334271, 36.82156447901918 -1.305580291437704, 36.81879955639471 -1.306046545155902, 36.815608194070464 -1.305312529667443, 36.8139156326536 -1.306085801082903, 36.810241022636816 -1.308075873371923, 36.80826246388616 -1.308107610140876, 36.807299329521584 -1.309014899694198, 36.80335332569983 -1.317010794721152, 36.80063737038568 -1.317297142445272, 36.796496431323746 -1.312660762678188, 36.79245292075753 -1.310489197975695, 36.78974610789914 -1.308918988402446, 36.78894408927443 -1.306379924261891, 36.776980644789234 -1.306881055562856, 36.76802477014665 -1.307649456696787, 36.76744608489038 -1.310492634755263, 36.75626702600907 -1.31178260066738, 36.753370835757885 -1.307038364070277, 36.74601703772724 -1.308041722540789, 36.74666460889659 -1.30402782431642, 36.760872953544016 -1.298714080765575, 36.76828236886836 -1.300226805125281, 36.79161748469012 -1.29989861711034, 36.801000420956136 -1.298386426952637, 36.80729654137964 -1.297320250652827, 36.80995103875153 -1.295712363706757, 36.81268122654487 -1.295371503652311, 36.81355542052163 -1.295126272685255, 36.8150675965142 -1.294092779892011, 36.82032051276502 -1.293130807402964, 36.821827446599805 -1.295428246914239, 36.82376619303039 -1.298975338157376, 36.82403679990198 -1.300097929964636, 36.825686240878944 -1.303579162786177)",Very Low,7.732215313003304,39.56778497582987,Woodley/Kenyatta Golf
83,0.23084267434010508,POINT (36.86860030816114 -1.204392484310758),"LINESTRING (36.886669258915106 -1.19651435668137, 36.89567121875805 -1.19753182512176, 36.8972896628861 -1.202512968423633, 36.84321211172465 -1.218891011102265, 36.85144489758494 -1.20512221135194, 36.859801017722106 -1.193237542740478, 36.8745397424257 -1.19740541560427, 36.886669258915106 -1.19651435668137)",Very Low,8.537097053779085,39.56778497582987,Zimmerman
84,0.2306171382297708,POINT (36.8378973357934 -1.2816634053333915),"LINESTRING (36.835241689808456 -1.277555828179513, 36.83678624568213 -1.277679235963722, 36.842766196840536 -1.280379857169641, 36.84439763865351 -1.280237142245207, 36.84434557666636 -1.282947918142475, 36.841029295271596 -1.283650041095035, 36.839756824114204 -1.284958150793346, 36.83854266423211 -1.284875573839248, 36.83738830807228 -1.285593277270257, 36.83536048356378 -1.285757925495018, 36.833875700440494 -1.283222838270972, 36.83173366776702 -1.281725900460047, 36.835241689808456 -1.277555828179513)",Very Low,8.158833815913196,39.56778497582987,Ziwani/Kariokor
